t,roll,pitch,yaw,ax,ay,az,gx,gy,gz,status,lat,lon,alt,vx,vy,vz,x2060
0.2093,0.6397523283958435,2.9176583290100098,-39.43345642089844,-0.4626489281654358,0.11524195969104767,9.811370849609375,-0.0006912884418852627,0.00021077449491713196,0.000183243872015737,2,30.000003814697266,30.0000057220459,1269.8743896484375,-0.035584621131420135,-0.003366905963048339,0.006581226363778114,129.53366088867188
0.2094,0.6397765278816223,2.9175562858581543,-39.436431884765625,-0.4716947674751282,0.10779236257076263,9.800135612487793,0.000225887619308196,-0.00010987224959535524,1.8273516616318375e-05,2,30.000003814697266,30.0000057220459,1269.8743896484375,-0.035240039229393005,-0.0035664448514580727,0.006542850285768509,129.53074645996094
0.2095,0.6396932005882263,2.917264938354492,-39.439361572265625,-0.5113885998725891,0.15477508306503296,9.819859504699707,-0.00085769675206393,0.0002116650139214471,-3.748181552509777e-05,2,30.000003814697266,30.0000057220459,1269.8743896484375,-0.034912772476673126,-0.003486593486741185,0.0065511902794241905,129.527099609375
0.2096,,,,,,,,,,,,,,,,,
0.2096,0.6380799412727356,2.916433095932007,-39.448974609375,-0.4819694459438324,0.05794868245720863,9.822540283203125,-0.0025071618147194386,-0.00035764643689617515,-0.00010020936315413564,2,30.000003814697266,30.0000057220459,1269.8743896484375,-0.034697484225034714,-0.002790059894323349,0.006531537976115942,129.53546142578125
0.2097,0.6370088458061218,2.916317939758301,-39.45176696777344,-0.4835049510002136,0.013970980420708656,9.788485527038574,-0.002096022479236126,-0.0002529301564209163,-0.0007064519450068474,2,30.000003814697266,30.0000057220459,1269.8743896484375,-0.03495527058839798,-0.003407339798286557,0.006497951224446297,129.54417419433594
0.2097,0.6338977217674255,2.9164559841156006,-39.45831298828125,-0.5013390779495239,0.01593131385743618,9.802026748657227,0.00021849048789590597,0.0005451084580272436,-0.0007842889754101634,2,30.000003814697266,30.0000057220459,1269.8743896484375,-0.03589465096592903,-0.005060494877398014,0.006324705667793751,129.5645294189453
0.2098,0.6322333812713623,2.916826009750366,-39.46192932128906,-0.4870910048484802,0.07139048725366592,9.803940773010254,0.0009405988384969532,0.0009227890986949205,-0.0006843309383839369,2,30.000003814697266,30.0000057220459,1269.8743896484375,-0.03622092679142952,-0.00565642025321722,0.0062734633684158325,129.6111602783203
0.2098,0.6307268738746643,2.9172472953796387,-39.46592712402344,-0.4911811351776123,0.1428159475326538,9.805269241333008,0.0014356336323544383,0.0009615594753995538,-0.0008758945623412728,2,30.000003814697266,30.0000057220459,1269.8743896484375,-0.036091480404138565,-0.0058197337202727795,0.006231138948351145,129.60641479492188
0.2099,0.6296745538711548,2.9177961349487305,-39.47662353515625,-0.5182569026947021,0.2075149118900299,9.811874389648438,0.0009177977917715907,-0.00014042516704648733,0.0003559417964424938,2,30.000003814697266,30.0000057220459,1269.8743896484375,-0.03412271663546562,-0.003611068706959486,0.006402233149856329,129.57643127441406
0.2099,0.6335170865058899,2.917226552963257,-39.483642578125,-0.4952099323272705,0.06273817270994186,9.812644004821777,0.00039382954128086567,-0.00023156542738433927,0.0003802734427154064,2,30.000003814697266,30.0000057220459,1269.8743896484375,-0.03337729722261429,-0.0030319923534989357,0.006365890149027109,129.57469177246094
0.4105,0.6335528492927551,2.917154550552368,-39.49147033691406,-0.5134139657020569,0.09550894796848297,9.818831443786621,-0.0005937941605225205,-8.531935600331053e-05,0.00017048598965629935,2,30.000003814697266,30.0000057220459,1269.8743896484375,-0.03423880413174629,-0.003786774119362235,0.006512127351015806,129.5669708251953
0.4107,0.6330274343490601,2.917459726333618,-39.494171142578125,-0.5078182816505432,0.11986855417490005,9.803568840026855,-0.00016425906505901366,3.081277827732265e-05,0.00016765198961365968,2,30.000003814697266,30.0000057220459,1269.8743896484375,-0.034275442361831665,-0.0037389236968010664,0.006555734667927027,129.5675048828125
0.4107,,,,,,,,,,,,,,,,,
0.4107,0.6322092413902283,2.918311834335327,-39.501007080078125,-0.49060189723968506,0.11713068187236786,9.81124210357666,-0.0017088004387915134,-0.0002377181954216212,-0.00018609817198012024,2,30.000003814697266,30.0000057220459,1269.8743896484375,-0.03341274335980415,-0.0032724598422646523,0.006619317922741175,129.5548858642578
0.4108,0.6313051581382751,2.918426275253296,-39.5047607421875,-0.5236285924911499,0.07538636773824692,9.808701515197754,-0.0007507713744416833,8.821471965347882e-06,-2.402667814749293e-05,2,30.000003814697266,30.0000057220459,1269.8743896484375,-0.03352244943380356,-0.003284408478066325,0.006696552038192749,129.56468200683594
0.4108,0.6311701536178589,2.9187734127044678,-39.506683349609375,-0.5185065865516663,0.06990614533424377,9.802389144897461,0.00033859742688946426,3.212860974599607e-05,-0.00016852845146786422,2,30.000003814697266,30.0000057220459,1269.8743896484375,-0.03386986628174782,-0.0034024554770439863,0.00669204443693161,129.57183837890625
0.4109,0.6320239901542664,2.919788122177124,-39.51068115234375,-0.472806453704834,0.1042834222316742,9.815815925598145,0.0011552921496331692,0.0002465181751176715,0.00020933784253429621,2,30.000003814697266,30.0000057220459,1269.8743896484375,-0.03404451161623001,-0.0038435833994299173,0.006625436246395111,129.57009887695312
0.4109,0.6312409043312073,2.920292377471924,-39.51649475097656,-0.5125411748886108,0.14351122081279755,9.815606117248535,-0.0008465054561384022,3.7565197999356315e-05,-4.512156738201156e-05,2,30.000003814697266,30.0000057220459,1269.8743896484375,-0.03355415165424347,-0.0037720580585300922,0.006758991628885269,129.8535614013672
0.411,0.630734384059906,2.920555591583252,-39.52166748046875,-0.5181843042373657,0.14310045540332794,9.799156188964844,-0.0006084556225687265,0.0002228740486316383,4.855514271184802e-05,2,30.000003814697266,30.0000057220459,1269.8743896484375,-0.03329738974571228,-0.0034057139419019222,0.006771585904061794,129.8529815673828
0.4112,0.6307197213172913,2.920823335647583,-39.5277099609375,-0.49626410007476807,0.1371799260377884,9.81367301940918,-9.17762954486534e-05,-0.0004558537621051073,0.0002748462138697505,2,30.000003814697266,30.0000057220459,1269.8743896484375,-0.03298022970557213,-0.0030918731354177,0.006764021702110767,129.8500518798828
0.4112,0.6310147047042847,2.9209377765655518,-39.53434753417969,-0.48189297318458557,0.10954161733388901,9.806734085083008,-0.00033083479502238333,-0.00022368525969795883,0.00031814162502996624,2,30.000003814697266,30.0000057220459,1269.8743896484375,-0.03258756920695305,-0.0030119793955236673,0.006776382680982351,129.84706115722656
0.4113,0.6311676502227783,2.9209280014038086,-39.54144287109375,-0.4667308032512665,0.08138370513916016,9.815709114074707,-0.0006047741626389325,-0.00029927672585472465,0.00033714278833940625,2,30.000003814697266,30.0000057220459,1269.8743896484375,-0.032235175371170044,-0.0032370630651712418,0.006790274288505316,129.84576416015625
0.612,0.6304888725280762,2.9205453395843506,-39.56474304199219,-0.5227485299110413,0.10242022573947906,9.808937072753906,-0.00014531140914186835,0.00024763515102677047,0.0004022743960376829,2,30.000003814697266,30.0000057220459,1269.8743896484375,-0.031729474663734436,-0.003717853222042322,0.006788481492549181,129.85366821289062
0.6121,0.6303449869155884,2.9206745624542236,-39.57261657714844,-0.5179638266563416,0.1188526377081871,9.81342887878418,0.0003539059835020453,-8.892722689779475e-05,0.0004076971672475338,2,30.000003814697266,30.0000057220459,1269.8743896484375,-0.03162294998764992,-0.0035823453217744827,0.006830819882452488,129.8558807373047
0.6121,0.6304934024810791,2.9208321571350098,-39.58045959472656,-0.49731895327568054,0.12349118292331696,9.808954238891602,0.0005491838091984391,-0.0002108026819769293,0.0003072444233112037,2,30.000003814697266,30.0000057220459,1269.8743896484375,-0.03137682005763054,-0.003432577010244131,0.006870064418762922,129.84280395507812
0.6122,0.630618691444397,2.920884370803833,-39.5955810546875,-0.47602009773254395,0.10745546966791153,9.815876960754395,-0.00046214894973672926,-1.1954703040828463e-05,0.0003115134022664279,2,30.000003814697266,30.0000057220459,1269.8743896484375,-0.03047158755362034,-0.0034116327296942472,0.0069449059665203094,129.83448791503906
0.6123,,,,,,,,,,,,,,,,,
0.6123,0.6301514506340027,2.92008900642395,-39.623565673828125,-0.4940040111541748,0.09744352847337723,9.808506965637207,0.0005817347555421293,-6.31690927548334e-05,0.0005356574547477067,2,30.000003814697266,30.0000057220459,1269.8743896484375,-0.029463263228535652,-0.003791435854509473,0.007042396813631058,129.83627319335938
0.6124,0.6305776834487915,2.9198718070983887,-39.63008117675781,-0.48321297764778137,0.09766004979610443,9.81053352355957,0.001418610685504973,4.6914930862840265e-05,-0.00018562153854873031,2,30.000003814697266,30.0000057220459,1269.8743896484375,-0.029247617349028587,-0.00394318625330925,0.007046794053167105,129.835205078125
0.6124,0.6305776834487915,2.9198718070983887,-39.63008117675781,-0.48321297764778137,0.09766004979610443,9.81053352355957,0.001418610685504973,4.6914930862840265e-05,-0.00018562153854873031,2,30.000003814697266,30.0000057220459,1269.8743896484375,-0.029247617349028587,-0.00394318625330925,0.007046794053167105,129.835205078125
0.6125,0.6311929225921631,2.919337749481201,-39.64276123046875,-0.5145129561424255,0.1406017392873764,9.820749282836914,0.000280964799458161,0.0004132992762606591,0.00028570403810590506,2,30.000003814697266,30.0000057220459,1269.8743896484375,-0.028700873255729675,-0.004103146027773619,0.0071462225168943405,129.83258056640625
0.6125,0.631109356880188,2.9191718101501465,-39.6485595703125,-0.5093263983726501,0.1595684438943863,9.810949325561523,-0.0006550474208779633,1.6884268916328438e-05,0.00031103583751246333,2,30.000003814697266,30.0000057220459,1269.8743896484375,-0.028345150873064995,-0.0037335718516260386,0.007233453914523125,129.78945922851562
0.6126,0.6319558024406433,2.9180383682250977,-39.66270446777344,-0.46825575828552246,0.08021727949380875,9.794939041137695,0.0002383016690146178,4.5102777221472934e-05,0.00018164420907851309,2,30.000003814697266,30.0000057220459,1269.8743896484375,-0.02724497765302658,-0.0034186276607215405,0.007113976404070854,129.7811279296875
0.6126,0.6325483918190002,2.9175353050231934,-39.66685485839844,-0.4985334575176239,0.0576581247150898,9.80970573425293,0.00038549574674107134,0.00018666205869521946,0.0001451163407182321,2,30.000003814697266,30.0000057220459,1269.8743896484375,-0.027212001383304596,-0.003808945417404175,0.007041060831397772,129.7863311767578
0.6127,0.6333844065666199,2.916978120803833,-39.679107666015625,-0.510053813457489,0.09223465621471405,9.823095321655273,0.000604407221544534,0.00019588784198276699,-0.00022261989943217486,2,30.000003814697266,30.0000057220459,1269.8743896484375,-0.027968470007181168,-0.004471896216273308,0.007060927338898182,129.80502319335938
0.8134,0.6328986287117004,2.917022466659546,-39.68321228027344,-0.4985940158367157,0.12673382461071014,9.803409576416016,0.00015967265062499791,-0.00016212301852647215,-0.00021014772937633097,2,30.000003814697266,30.0000057220459,1269.8743896484375,-0.02791724167764187,-0.004469400271773338,0.0071232919581234455,129.80345153808594
0.8135,0.6323173642158508,2.917036771774292,-39.68714904785156,-0.4979466497898102,0.14599378407001495,9.812483787536621,-0.000198566893232055,4.173074194113724e-05,-0.00027255553868599236,2,30.000003814697266,30.0000057220459,1269.8743896484375,-0.027637310326099396,-0.004276453051716089,0.007126172073185444,129.7988739013672
0.8135,0.6320586204528809,2.9170377254486084,-39.690765380859375,-0.4785533547401428,0.1457916498184204,9.809624671936035,9.49600143940188e-05,-5.870183667866513e-05,4.367672954685986e-05,2,30.000003814697266,30.0000057220459,1269.8743896484375,-0.027228105813264847,-0.004057984333485365,0.007155851926654577,129.7928009033203
0.8136,0.6320077180862427,2.9169013500213623,-39.694061279296875,-0.4780025780200958,0.1273205578327179,9.799560546875,-0.0005213053082115948,6.374562508426607e-05,-2.4736193154240027e-05,2,30.000003814697266,30.0000057220459,1269.8743896484375,-0.026791509240865707,-0.00396753242239356,0.007115948013961315,129.77317810058594
0.8137,0.6319345831871033,2.916670799255371,-39.69700622558594,-0.5001528263092041,0.11372028291225433,9.812247276306152,-0.0005316095193848014,0.0001925106334965676,5.863650221726857e-05,2,30.000003814697266,30.0000057220459,1269.8743896484375,-0.026514774188399315,-0.003923596814274788,0.007087714970111847,129.77301025390625
0.8138,,,,,,,,,,,,,,,,,
0.8138,0.6313332915306091,2.9162259101867676,-39.70487976074219,-0.506974995136261,0.08007098734378815,9.80069351196289,-0.0002705457154661417,-2.945421101685497e-06,0.00019199843518435955,2,30.000003814697266,30.0000057220459,1269.8743896484375,-0.026905186474323273,-0.004111945629119873,0.007128524594008923,129.7872772216797
0.8139,0.6313332915306091,2.9162259101867676,-39.70487976074219,-0.506974995136261,0.08007098734378815,9.80069351196289,-0.0002705457154661417,-2.945421101685497e-06,0.00019199843518435955,2,30.000003814697266,30.0000057220459,1269.8743896484375,-0.026905186474323273,-0.004111945629119873,0.007128524594008923,129.7872772216797
0.8139,0.6305044293403625,2.9163405895233154,-39.71012878417969,-0.49202436208724976,0.13224203884601593,9.806344032287598,3.63923936674837e-05,3.4093372960342094e-05,4.406574134918628e-06,2,30.000003814697266,30.0000057220459,1269.8743896484375,-0.02677690051496029,-0.0042354874312877655,0.0071238987147808075,129.78372192382812
0.814,0.630399763584137,2.9163551330566406,-39.7125244140625,-0.4869016706943512,0.1216413676738739,9.800090789794922,0.00013847269292455167,5.3730513172922656e-05,-9.013407543534413e-05,2,30.000003814697266,30.0000057220459,1269.8743896484375,-0.026536257937550545,-0.004154580179601908,0.007074627093970776,129.78111267089844
0.814,0.6305074095726013,2.91629958152771,-39.714752197265625,-0.4848582446575165,0.13879376649856567,9.803943634033203,0.00041363114723935723,7.790126983309165e-05,9.342024713987485e-05,2,30.000003814697266,30.0000057220459,1269.8743896484375,-0.026237988844513893,-0.004068367183208466,0.007008822169154882,129.77590942382812
0.8141,0.6309916377067566,2.916066884994507,-39.71672058105469,-0.49575021862983704,0.13127018511295319,9.8137788772583,0.0005405263509601355,-0.00020489218877628446,0.00014166045002639294,2,30.000003814697266,30.0000057220459,1269.8743896484375,-0.02592376247048378,-0.003910367842763662,0.007003838196396828,129.77276611328125
0.8141,0.6316081285476685,2.915790557861328,-39.71852111816406,-0.5007899403572083,0.10451512038707733,9.806201934814453,0.00027074484387412667,-5.478357707033865e-05,0.00011010123853338882,2,30.000003814697266,30.0000057220459,1269.8743896484375,-0.025790881365537643,-0.0038231750950217247,0.007022846024483442,129.66934204101562
0.8141,0.6321339011192322,2.915527820587158,-39.719512939453125,-0.491754949092865,0.08759555220603943,9.810887336730957,0.0003672665625344962,-0.0002627383510116488,0.00012501439778134227,2,30.000003814697266,30.0000057220459,1269.8743896484375,-0.02582431770861149,-0.003910277504473925,0.00703157763928175,129.67080688476562
0.8142,0.6326125264167786,2.915281057357788,-39.71998596191406,-0.5035228729248047,0.07909086346626282,9.809128761291504,0.0007013391004875302,0.0001213874202221632,4.457938848645426e-05,2,30.000003814697266,30.0000057220459,1269.8743896484375,-0.0259585902094841,-0.004107695072889328,0.0070443665608763695,129.67422485351562
0.8142,0.6328446865081787,2.915091037750244,-39.71983337402344,-0.49860942363739014,0.12003424018621445,9.807395935058594,0.00016675725055392832,-0.0001030112398439087,5.427800351753831e-05,2,30.000003814697266,30.0000057220459,1269.8743896484375,-0.026217103004455566,-0.004175950773060322,0.007055522873997688,129.67599487304688
0.8143,0.6334366202354431,2.914851188659668,-39.71864318847656,-0.4876447021961212,0.12654165923595428,9.807008743286133,0.00041143811540678144,-8.798770431894809e-05,-3.69703266187571e-05,2,30.000003814697266,30.0000057220459,1269.8743896484375,-0.026118839159607887,-0.00391025235876441,0.006958578247576952,129.67181396484375
1.015,0.6344158053398132,2.914608955383301,-39.7166748046875,-0.4819161593914032,0.1116146370768547,9.804776191711426,0.0007181413238868117,-7.151049794629216e-05,4.6438864956144243e-05,2,30.000003814697266,30.0000057220459,1269.8743896484375,-0.025956999510526657,-0.0038135868962854147,0.00694799842312932,129.6680145263672
1.0151,0.6353230476379395,2.9142234325408936,-39.7144775390625,-0.49831968545913696,0.07689855247735977,9.807281494140625,4.848581011174247e-05,-9.133425919571891e-05,-5.753836376243271e-05,2,30.000003814697266,30.0000057220459,1269.8743896484375,-0.02613927610218525,-0.00409519812092185,0.006877133622765541,129.57339477539062
1.0152,,,,,,,,,,,,,,,,,
1.0152,0.6352621912956238,2.9141275882720947,-39.70552062988281,-0.4992034435272217,0.11149058490991592,9.803986549377441,0.0007569990120828152,0.00024168276286218315,-0.0002304657973581925,2,30.000003814697266,30.0000057220459,1269.8743896484375,-0.02703375741839409,-0.004482610151171684,0.0068131182342767715,129.58058166503906
1.0153,0.6352621912956238,2.9141275882720947,-39.70552062988281,-0.4992034435272217,0.11149058490991592,9.803986549377441,0.0007569990120828152,0.00024168276286218315,-0.0002304657973581925,2,30.000003814697266,30.0000057220459,1269.8743896484375,-0.02703375741839409,-0.004482610151171684,0.0068131182342767715,129.58058166503906
1.0153,0.6352068185806274,2.9142043590545654,-39.70265197753906,-0.4938122630119324,0.12448345869779587,9.820062637329102,0.00010611265315674245,-0.00023718646843917668,-0.00012846746540162712,2,30.000003814697266,30.0000057220459,1269.8743896484375,-0.02708861045539379,-0.004436383489519358,0.0068509397096931934,129.57839965820312
1.0154,0.6349979043006897,2.9142227172851562,-39.69960021972656,-0.48229557275772095,0.12642483413219452,9.818853378295898,-0.0002848947769962251,0.0001310831867158413,-0.00012918681022711098,2,30.000003814697266,30.0000057220459,1269.8743896484375,-0.027026202529668808,-0.004377820063382387,0.006953706964850426,129.5740966796875
1.0155,0.6342767477035522,2.9140470027923584,-39.69317626953125,-0.5051134824752808,0.11952007561922073,9.807363510131836,-0.0009397115209139884,0.0001811304100556299,0.00014679646119475365,2,30.000003814697266,30.0000057220459,1269.8743896484375,-0.026930758729577065,-0.004297830630093813,0.007086569909006357,129.57102966308594
1.0156,0.6342286467552185,2.9136946201324463,-39.68290710449219,-0.49624550342559814,0.08504374325275421,9.814138412475586,3.0410288673010655e-05,0.0002361994847888127,0.00019442405027803034,2,30.000003814697266,30.0000057220459,1269.8743896484375,-0.027377106249332428,-0.004316203761845827,0.00708791334182024,129.55458068847656
1.0157,0.6340479254722595,2.913778305053711,-39.6864013671875,-0.4952952265739441,0.10742790997028351,9.811829566955566,0.00010410635150037706,-0.0002414940536255017,-9.214948659064248e-05,2,30.000003814697266,30.0000057220459,1269.8743896484375,-0.02720334194600582,-0.004218097310513258,0.0070442091673612595,129.5526885986328
1.0157,0.634303092956543,2.913677930831909,-39.67942810058594,-0.4994991719722748,0.08898225426673889,9.80571460723877,0.0004304855247028172,-2.9139539037714712e-05,-9.427842087461613e-06,2,30.000003814697266,30.0000057220459,1269.8743896484375,-0.02762591280043125,-0.004498758818954229,0.00710382079705596,129.55703735351562
1.0158,0.6348243951797485,2.9138574600219727,-39.666046142578125,-0.4986559748649597,0.12170165777206421,9.81585693359375,0.0002127706684404984,5.736565071856603e-05,0.00026220959261991084,2,30.000003814697266,30.0000057220459,1269.8743896484375,-0.02830778993666172,-0.004462600685656071,0.007281844038516283,129.55801391601562
1.2164,0.6345097422599792,2.9139158725738525,-39.65338134765625,-0.499227374792099,0.09673123806715012,9.799468994140625,-0.0006714087212458253,6.481710443040356e-05,0.00014863886462990195,2,30.000003814697266,30.0000057220459,1269.8743896484375,-0.02874774858355522,-0.004386556800454855,0.007308784872293472,129.6068878173828
1.2165,0.6347809433937073,2.9138834476470947,-39.656402587890625,-0.502568781375885,0.09991661459207535,9.808541297912598,-0.0003152944555040449,-0.00035925666452385485,-3.4616612538229674e-05,2,30.000003814697266,30.0000057220459,1269.8743896484375,-0.02855347841978073,-0.004325458779931068,0.0073392512276768684,129.55755615234375
1.2165,0.6345097422599792,2.9139158725738525,-39.65338134765625,-0.499227374792099,0.09673123806715012,9.799468994140625,-0.0006714087212458253,6.481710443040356e-05,0.00014863886462990195,2,30.000003814697266,30.0000057220459,1269.8743896484375,-0.02874774858355522,-0.004386556800454855,0.007308784872293472,129.6068878173828
1.2166,,,,,,,,,,,,,,,,,
1.2166,0.6329310536384583,2.9144346714019775,-39.645477294921875,-0.5032025575637817,0.10903508961200714,9.807114601135254,-0.00023034299374558032,0.00015751771570648998,-7.452189311152324e-05,2,30.000003814697266,30.0000057220459,1269.8743896484375,-0.029657965525984764,-0.004977598320692778,0.007271380163729191,129.61570739746094
1.2167,0.6322212815284729,2.9147861003875732,-39.64286804199219,-0.4925345182418823,0.13543489575386047,9.809926986694336,0.0006164379883557558,-0.0001756838319124654,0.00015936749696265906,2,30.000003814697266,30.0000057220459,1269.8743896484375,-0.02963419258594513,-0.00487218564376235,0.007258079946041107,129.61123657226562
1.2167,0.632806122303009,2.9146368503570557,-39.638946533203125,-0.4992038905620575,0.11476758867502213,9.795809745788574,-0.0003180374624207616,-0.0001940711517818272,0.000143267578096129,2,30.000003814697266,30.0000057220459,1269.8743896484375,-0.029097164049744606,-0.004316115751862526,0.0071647390723228455,129.60015869140625
1.2168,0.6325756311416626,2.914750337600708,-39.64030456542969,-0.49988627433776855,0.14220616221427917,9.806990623474121,1.8735910998657346e-05,-9.900695295073092e-05,6.0904541896888986e-05,2,30.000003814697266,30.0000057220459,1269.8743896484375,-0.02918095327913761,-0.004502031020820141,0.007229117210954428,129.6011505126953
1.2168,0.6335945129394531,2.914293050765991,-39.635406494140625,-0.4910224676132202,0.08888906985521317,9.810208320617676,-0.00125030311755836,1.2482461897889152e-05,0.00022951819119043648,2,30.000003814697266,30.0000057220459,1269.8743896484375,-0.02945174090564251,-0.004355091135948896,0.007218635641038418,129.61282348632812
1.2169,0.633386492729187,2.9142019748687744,-39.63450622558594,-0.49847736954689026,0.10100653022527695,9.813955307006836,0.000232088947086595,-0.0005484193679876626,1.7963977370527573e-05,2,30.000003814697266,30.0000057220459,1269.8743896484375,-0.029556842520833015,-0.00448265578597784,0.00724738510325551,129.61495971679688
1.2169,0.633121132850647,2.914161205291748,-39.633758544921875,-0.4944266378879547,0.11511038988828659,9.804022789001465,-0.0009302814723923802,1.4805837963649537e-05,1.7871885575004853e-05,2,30.000003814697266,30.0000057220459,1269.8743896484375,-0.02958948165178299,-0.004514941014349461,0.007244675420224667,129.6129913330078
1.217,0.6322532892227173,2.914191722869873,-39.632415771484375,-0.4807715117931366,0.12955789268016815,9.810800552368164,-0.0016995108453556895,0.0003562596975825727,-0.00035326575743965805,2,30.000003814697266,30.0000057220459,1269.8743896484375,-0.02941640466451645,-0.004488782491534948,0.007193572819232941,129.60787963867188
1.217,0.6317850947380066,2.9141292572021484,-39.63177490234375,-0.503311276435852,0.1250191181898117,9.799161911010742,-0.0005701245390810072,-8.608117059338838e-05,-9.140116890193895e-05,2,30.000003814697266,30.0000057220459,1269.8743896484375,-0.02926279604434967,-0.0043911412358284,0.007145486306399107,129.6074676513672
1.4177,0.6318254470825195,2.913944959640503,-39.63104248046875,-0.5162355303764343,0.12824471294879913,9.807433128356934,-0.00017594323435332626,-0.00027933745877817273,-5.66589405934792e-05,2,30.000003814697266,30.0000057220459,1269.8743896484375,-0.029249928891658783,-0.004175742622464895,0.00711196381598711,129.60813903808594
1.4178,0.6356054544448853,2.913723945617676,-39.629547119140625,-0.46958041191101074,0.09693379700183868,9.804535865783691,0.0018903726013377309,0.00018800223188009113,-0.00025200736126862466,2,30.000003814697266,30.0000057220459,1269.8743896484375,-0.029539860785007477,-0.0046836636029183865,0.006773120258003473,129.673828125
1.4179,,,,,,,,,,,,,,,,,
1.4179,0.6398727893829346,2.913471221923828,-39.63206481933594,-0.49238651990890503,0.12263235449790955,9.821038246154785,0.00029089953750371933,-4.8269779654219747e-05,0.00020493405463639647,2,30.000003814697266,30.0000057220459,1269.8743896484375,-0.02891196496784687,-0.004015281330794096,0.006965772248804569,129.66421508789062
1.418,0.6404939889907837,2.9131810665130615,-39.63356018066406,-0.4974031448364258,0.08707265555858612,9.801840782165527,0.0001337337598670274,-2.8531801945064217e-05,-3.038616114281467e-06,2,30.000003814697266,30.0000057220459,1269.8743896484375,-0.028828894719481468,-0.00433079618960619,0.006884241010993719,129.66616821289062
1.4181,0.639596164226532,2.912993907928467,-39.6356201171875,-0.4942842423915863,0.08349007368087769,9.808141708374023,-8.509909093845636e-05,0.00011587351036723703,-0.00019744770543184131,2,30.000003814697266,30.0000057220459,1269.8743896484375,-0.028962556272745132,-0.0047439830377697945,0.006808576174080372,129.51515197753906
1.4181,0.6389169096946716,2.9129233360290527,-39.63578796386719,-0.5215377807617188,0.10404559969902039,9.80842399597168,-0.001692851074039936,0.0006433264934457839,-0.000737608119379729,2,30.000003814697266,30.0000057220459,1269.8743896484375,-0.029129181057214737,-0.004825137089937925,0.006798937916755676,129.51858520507812
1.4182,0.6379356384277344,2.9132773876190186,-39.63417053222656,-0.5171225070953369,0.13555219769477844,9.817439079284668,-2.318287624802906e-05,0.00026290537789463997,-0.00043389599886722863,2,30.000003814697266,30.0000057220459,1269.8743896484375,-0.029455943033099174,-0.0044503300450742245,0.006934668403118849,129.52220153808594
1.4182,0.6389294266700745,2.913684368133545,-39.630126953125,-0.4866907000541687,0.12072277814149857,9.803951263427734,0.0010208311723545194,-9.5566880190745e-05,-3.085895878029987e-05,2,30.000003814697266,30.0000057220459,1269.8743896484375,-0.029314838349819183,-0.004122147336602211,0.006938400212675333,129.515380859375
1.4183,0.6398702263832092,2.913681983947754,-39.62760925292969,-0.47917577624320984,0.12280330806970596,9.80734634399414,0.0010478799231350422,-0.00013433689309749752,-9.35044081415981e-05,2,30.000003814697266,30.0000057220459,1269.8743896484375,-0.029210157692432404,-0.004124999511986971,0.006903456524014473,129.51156616210938
1.4183,0.6408888101577759,2.9136219024658203,-39.624969482421875,-0.49388912320137024,0.12277163565158844,9.81592082977295,0.0010582050308585167,0.0002452395565342158,-0.00027136268909089267,2,30.000003814697266,30.0000057220459,1269.8743896484375,-0.02912450022995472,-0.004101213533431292,0.006927765905857086,129.50906372070312
1.619,0.6418030858039856,2.9136221408843994,-39.62214660644531,-0.5308143496513367,0.11404646188020706,9.80689525604248,0.0002962320577353239,0.0001965711999218911,-7.995009946171194e-05,2,30.000003814697266,30.0000057220459,1269.8743896484375,-0.029237497597932816,-0.003958605229854584,0.0069708446972072124,129.51223754882812
1.6191,0.6426199078559875,2.914147138595581,-39.61616516113281,-0.48305025696754456,0.08738573640584946,9.804588317871094,-0.0013262410648167133,-0.00039544410537928343,9.119024616666138e-05,2,30.000003814697266,30.0000057220459,1269.8743896484375,-0.029767457395792007,-0.003410903736948967,0.007065072655677795,129.45460510253906
1.6191,0.642497718334198,2.914273977279663,-39.612945556640625,-0.4417077302932739,0.09105260670185089,9.809460639953613,-0.0009048202773556113,-0.0005967068136669695,-0.0003929686499759555,2,30.000003814697266,30.0000057220459,1269.8743896484375,-0.029777362942695618,-0.00377759151160717,0.007037085480988026,129.4494171142578
1.6192,0.642352819442749,2.9137375354766846,-39.609619140625,-0.49522557854652405,0.1174396201968193,9.799836158752441,-0.0005655966233462095,-0.001169414957985282,-0.000665673753246665,2,30.000003814697266,30.0000057220459,1269.8743896484375,-0.029675448313355446,-0.004041881766170263,0.006978749297559261,129.44766235351562
1.6192,,,,,,,,,,,,,,,,,
1.6193,0.6446374654769897,2.910306453704834,-39.592864990234375,-0.48270183801651,0.09403891861438751,9.806994438171387,0.0006653541349805892,-0.0017775640590116382,2.3417089323629625e-05,2,30.000003814697266,30.0000057220459,1269.874267578125,-0.030374908819794655,-0.00357290031388402,0.006843147333711386,129.44895935058594
1.6193,0.6451112627983093,2.9094247817993164,-39.588897705078125,-0.4753614366054535,0.09225810319185257,9.801005363464355,-0.00026865911786444485,-0.0017325172666460276,-0.0001770529488567263,2,30.000003814697266,30.0000057220459,1269.874267578125,-0.03048211708664894,-0.00382467033341527,0.006787293124943972,129.4469451904297
1.6194,0.6439836621284485,2.906765937805176,-39.57743835449219,-0.5751760601997375,0.10588249564170837,9.820144653320312,-6.762614793842658e-05,-0.0016593842301517725,0.0005038409726694226,2,30.000003814697266,30.0000057220459,1269.874267578125,-0.03161587193608284,-0.0039990562945604324,0.006935058161616325,129.4642791748047
1.6194,0.6444820761680603,2.907470703125,-39.58123779296875,-0.5257412791252136,0.07987353950738907,9.821036338806152,-0.0008070283220149577,-0.001356205204501748,-0.00010123044194187969,2,30.000003814697266,30.0000057220459,1269.874267578125,-0.031005466356873512,-0.0041619231924414635,0.0067929476499557495,129.45407104492188
1.6195,0.6439836621284485,2.906765937805176,-39.57743835449219,-0.5751760601997375,0.10588249564170837,9.820144653320312,-6.762614793842658e-05,-0.0016593842301517725,0.0005038409726694226,2,30.000003814697266,30.0000057220459,1269.874267578125,-0.03161587193608284,-0.0039990562945604324,0.006935058161616325,129.4642791748047
1.6195,0.6434322595596313,2.9064395427703857,-39.57048034667969,-0.5102055072784424,0.14515377581119537,9.808854103088379,-0.0006870665238238871,-0.0025808962527662516,0.0017743806820362806,2,30.000003814697266,30.0000057220459,1269.874267578125,-0.03252686187624931,-0.002897105412557721,0.007019604090601206,129.6436004638672
1.6197,0.6433160901069641,2.9064066410064697,-39.568634033203125,-0.44636884331703186,0.1538664698600769,9.81131362915039,-0.0007764459005557001,-0.0021191188134253025,0.0008753425208851695,2,30.000003814697266,30.0000057220459,1269.874267578125,-0.032238952815532684,-0.0026878928765654564,0.007035282906144857,129.63140869140625
1.6197,0.6435315608978271,2.905972957611084,-39.567535400390625,-0.523422122001648,0.18583078682422638,9.79967212677002,-0.0006068837246857584,-0.0024061123840510845,0.0011505800066515803,2,30.000003814697266,30.0000057220459,1269.874267578125,-0.031747523695230484,-0.0023620242718607187,0.007007536944001913,129.62437438964844
1.6198,0.645679771900177,2.905289888381958,-39.56477355957031,-0.4053441286087036,0.051273878663778305,9.815241813659668,-0.0011260106693953276,-0.0028435562271624804,0.003176148748025298,2,30.000003814697266,30.0000057220459,1269.874267578125,-0.03161431476473808,-0.0008849021978676319,0.007161336950957775,129.62057495117188
1.6198,0.6464335322380066,2.9049508571624756,-39.56440734863281,-0.32729023694992065,-0.0384092703461647,9.791741371154785,-0.0012495588744059205,-0.0014603292802348733,0.0001384938950650394,2,30.000003814697266,30.0000057220459,1269.874267578125,-0.031318921595811844,-0.002358488505706191,0.007054192945361137,129.61244201660156
1.8205,0.64495849609375,2.9029245376586914,-39.56752014160156,-0.575850784778595,0.1111910343170166,9.817590713500977,-0.00013338084681890905,0.0004698638804256916,-0.0007074052118696272,2,30.000003814697266,30.0000057220459,1269.874267578125,-0.031271934509277344,-0.004654449876397848,0.00673498073592782,129.62220764160156
1.8206,,,,,,,,,,,,,,,,,
1.8206,0.6438431739807129,2.900649070739746,-39.57121276855469,-0.4842696487903595,0.06686089932918549,9.812016487121582,0.0007053394219838083,0.00014426848792936653,0.0011741456110030413,2,30.000003814697266,30.0000057220459,1269.874267578125,-0.030559832230210304,-0.0037979537155479193,0.006731398869305849,129.5467529296875
1.8207,0.6430108547210693,2.9010913372039795,-39.572113037109375,-0.5216377973556519,0.13402384519577026,9.811786651611328,0.0005546039319597185,-1.025573965307558e-05,0.0010569581063464284,2,30.000003814697266,30.0000057220459,1269.874267578125,-0.03042239509522915,-0.0038253292441368103,0.00669521139934659,129.54339599609375
1.8207,0.6438431739807129,2.900649070739746,-39.57121276855469,-0.4842696487903595,0.06686089932918549,9.812016487121582,0.0007053394219838083,0.00014426848792936653,0.0011741456110030413,2,30.000003814697266,30.0000057220459,1269.874267578125,-0.030559832230210304,-0.0037979537155479193,0.006731398869305849,129.5467529296875
1.8208,0.643603503704071,2.8993566036224365,-39.57093811035156,-0.5660967826843262,0.13313190639019012,9.806527137756348,-0.00020819193741772324,0.0002877993683796376,-0.0008081666892394423,2,30.000003814697266,30.0000057220459,1269.874267578125,-0.03133046254515648,-0.004388624336570501,0.006775250192731619,129.5623779296875
1.8209,0.6441461443901062,2.899611473083496,-39.57060241699219,-0.5189823508262634,0.08583643287420273,9.803357124328613,0.0001280541328014806,0.0003949463425669819,-0.0014753300929442048,2,30.000003814697266,30.0000057220459,1269.874267578125,-0.030965380370616913,-0.004614072851836681,0.006788924336433411,129.55453491210938
1.8209,0.6431485414505005,2.899439811706543,-39.57078552246094,-0.5138665437698364,0.1413445770740509,9.807207107543945,-0.00040386966429650784,-0.0005102885770611465,0.0005086841410957277,2,30.000003814697266,30.0000057220459,1269.874267578125,-0.03155391663312912,-0.003902672789990902,0.006781291216611862,129.5620880126953
1.821,0.6429064273834229,2.8994834423065186,-39.57017517089844,-0.4453831911087036,0.09768267720937729,9.799756050109863,-0.0005116116954013705,-0.00043298144009895623,0.0006874643731862307,2,30.000003814697266,30.0000057220459,1269.874267578125,-0.031446073204278946,-0.003872477449476719,0.0067344303242862225,129.51071166992188
1.821,0.6424722671508789,2.8992950916290283,-39.56941223144531,-0.4285162389278412,0.09944913536310196,9.811943054199219,-0.0007027580286376178,4.43227072537411e-05,-0.00022717687534168363,2,30.000003814697266,30.0000057220459,1269.874267578125,-0.031118696555495262,-0.004325815476477146,0.006675997748970985,129.50277709960938
1.8211,0.6419544219970703,2.8988213539123535,-39.56867980957031,-0.4761636555194855,0.12037522345781326,9.803009033203125,-0.00036724802339449525,0.0004185553116258234,-0.0007002419442869723,2,30.000003814697266,30.0000057220459,1269.874267578125,-0.03078395128250122,-0.004652723670005798,0.006645344663411379,129.49867248535156
1.8211,0.6415342092514038,2.8979852199554443,-39.566314697265625,-0.5445762872695923,0.12177512049674988,9.812753677368164,-0.00034951153793372214,-0.0002816841588355601,0.00048021203838288784,2,30.000003814697266,30.0000057220459,1269.874267578125,-0.03108866885304451,-0.003976265899837017,0.0066545018926262856,129.5093231201172
1.8211,0.6422342658042908,2.8979222774505615,-39.56306457519531,-0.46217864751815796,0.08052121847867966,9.80549144744873,0.0020729813259094954,6.319952080957592e-05,7.863686914788559e-05,2,30.000003814697266,30.0000057220459,1269.874267578125,-0.0316321887075901,-0.004257385153323412,0.006571700796484947,129.51260375976562
2.0219,0.6427130103111267,2.8979599475860596,-39.56193542480469,-0.47198206186294556,0.10101693123579025,9.81991195678711,0.0007116407505236566,0.0005096810637041926,-0.0007542426465079188,2,30.000003814697266,30.0000057220459,1269.874267578125,-0.031596459448337555,-0.0046210698783397675,0.0065906234085559845,129.50978088378906
2.022,,,,,,,,,,,,,,,,,
2.022,0.6358712315559387,2.9001944065093994,-39.55268859863281,-0.47247377038002014,0.08016355335712433,9.799294471740723,-0.0014778844779357314,0.0027204183861613274,-0.00044051610166206956,2,30.000003814697266,30.0000057220459,1269.874267578125,-0.031815435737371445,-0.005430980585515499,0.006391351576894522,129.5138702392578
2.0221,0.637245774269104,2.8993520736694336,-39.55366516113281,-0.49690014123916626,0.08768931776285172,9.811065673828125,-0.0016055223532021046,0.001885529374703765,-0.0005791631410829723,2,30.000003814697266,30.0000057220459,1269.874267578125,-0.031672317534685135,-0.005172412376850843,0.006419231183826923,129.51210021972656
2.0222,0.6358712315559387,2.9001944065093994,-39.55268859863281,-0.47247377038002014,0.08016355335712433,9.799294471740723,-0.0014778844779357314,0.0027204183861613274,-0.00044051610166206956,2,30.000003814697266,30.0000057220459,1269.874267578125,-0.031815435737371445,-0.005430980585515499,0.006391351576894522,129.5138702392578
2.0222,0.6309794187545776,2.9039647579193115,-39.5516357421875,-0.42401787638664246,0.10876056551933289,9.754111289978027,-0.006696947384625673,0.008851363323628902,-0.002065854612737894,2,30.000003814697266,30.0000057220459,1269.874267578125,-0.03145304322242737,-0.006319405045360327,0.005931635852903128,129.5048065185547
2.0223,0.6260517239570618,2.907726526260376,-39.551483154296875,-0.5375137329101562,0.08845094591379166,9.923104286193848,-0.007590945810079575,0.00863210391253233,-0.0021725783590227365,2,30.000003814697266,30.0000057220459,1269.874267578125,-0.031357359141111374,-0.006554542575031519,0.006180585827678442,129.5101776123047
2.0223,0.6280353665351868,2.905993700027466,-39.55201721191406,-0.6706859469413757,0.2144484519958496,9.797905921936035,0.003625141689553857,-0.00411073537543416,0.0024292543530464172,2,30.000003814697266,30.0000057220459,1269.874267578125,-0.03246321901679039,-0.003828994231298566,0.006891283206641674,129.59051513671875
2.0224,0.6291869282722473,2.9042983055114746,-39.55084228515625,-0.501489520072937,0.06825876981019974,9.785882949829102,-0.0007488749688491225,-0.001026709913276136,0.002250726567581296,2,30.000003814697266,30.0000057220459,1269.874267578125,-0.033057793974876404,-0.0028126321267336607,0.0067829531617462635,129.5870361328125
2.0224,0.6287269592285156,2.903925895690918,-39.550323486328125,-0.32193776965141296,0.0002650470705702901,9.808066368103027,-0.0012242497177794576,8.697695011505857e-05,-0.00034969489206559956,2,30.000003814697266,30.0000057220459,1269.874267578125,-0.03300224989652634,-0.003793043550103903,0.006608679424971342,129.58673095703125
2.0225,0.62796550989151,2.903984785079956,-39.55110168457031,-0.3803960084915161,0.028747761622071266,9.799178123474121,-0.001277716364711523,0.00019031137344427407,-0.002274143509566784,2,30.000003814697266,30.0000057220459,1269.874267578125,-0.032466717064380646,-0.005463453009724617,0.006483256816864014,129.58706665039062
2.0225,0.6283755302429199,2.904029607772827,-39.55238342285156,-0.5733526349067688,0.14289329946041107,9.803829193115234,-9.57291413214989e-05,7.230659662127437e-07,0.0011750813573598862,2,30.000003814697266,30.0000057220459,1269.874267578125,-0.03223373740911484,-0.005711113568395376,0.006487090606242418,129.58724975585938
2.0226,0.6286120414733887,2.9041011333465576,-39.55168151855469,-0.5325995683670044,0.11286349594593048,9.802483558654785,0.0006549124955199659,0.000410474807722494,0.001854805159382522,2,30.000003814697266,30.0000057220459,1269.874267578125,-0.03256211802363396,-0.005159500986337662,0.006468587089329958,129.58724975585938
2.2233,0.6287129521369934,2.9044151306152344,-39.55125427246094,-0.46997013688087463,0.10702686756849289,9.815664291381836,-0.0005795363103970885,0.0008713154238648713,-0.00030625207000412047,2,30.000003814697266,30.0000057220459,1269.874267578125,-0.032637253403663635,-0.0051022060215473175,0.0064756544306874275,129.58714294433594
2.2234,0.6261689066886902,2.9054739475250244,-39.55290222167969,-0.47505056858062744,0.09810425341129303,9.805813789367676,-0.0020875006448477507,0.0005426902207545936,0.000786216405685991,2,30.000003814697266,30.0000057220459,1269.874267578125,-0.03205462172627449,-0.004412504844367504,0.006667108740657568,129.65631103515625
2.2234,0.6272054314613342,2.9051454067230225,-39.55271911621094,-0.5180165767669678,0.1567985713481903,9.814298629760742,-0.001650962047278881,0.0007473521400243044,-0.0007575807976536453,2,30.000003814697266,30.0000057220459,1269.874267578125,-0.03216560184955597,-0.004631196614354849,0.006642856635153294,129.58843994140625
2.2235,,,,,,,,,,,,,,,,,
2.2235,0.6256763339042664,2.9070112705230713,-39.5531005859375,-0.55194091796875,0.09854357689619064,9.823301315307617,0.0018570594256743789,0.0006022245506756008,-0.0012518796138465405,2,30.000003814697266,30.0000057220459,1269.874267578125,-0.032239221036434174,-0.0063950982876122,0.006482715252786875,129.6584014892578
2.2235,0.6272860169410706,2.907118082046509,-39.55375671386719,-0.5605473518371582,0.14035148918628693,9.818746566772461,0.0006545340875163674,-0.0007722406298853457,0.0008927207672968507,2,30.000003814697266,30.0000057220459,1269.874267578125,-0.03332981839776039,-0.005003693979233503,0.0068910252302885056,129.65774536132812
2.2237,0.6276270747184753,2.9064841270446777,-39.553466796875,-0.4111674129962921,0.12287484109401703,9.801736831665039,-0.00027387787122279406,0.00023244087060447782,-0.000519256223924458,2,30.000003814697266,30.0000057220459,1269.874267578125,-0.032659079879522324,-0.0049860370345413685,0.006889317650347948,129.65676879882812
2.2237,0.6274702548980713,2.9070491790771484,-39.55464172363281,-0.5106688141822815,0.14957836270332336,9.810641288757324,-0.0002596862323116511,0.0008005895069800317,-0.00043550741975195706,2,30.000003814697266,30.0000057220459,1269.874267578125,-0.031550973653793335,-0.00506887212395668,0.006765583995729685,129.6571807861328
2.2237,0.627341091632843,2.907371759414673,-39.5548095703125,-0.5348008275032043,0.12357529252767563,9.808012008666992,-0.00023335733567364514,0.0003817976685240865,0.0004610505129676312,2,30.000003814697266,30.0000057220459,1269.874267578125,-0.0315251499414444,-0.004667922854423523,0.0067958044819533825,129.5779571533203
2.2238,0.6269049644470215,2.90755295753479,-39.55467224121094,-0.5091851949691772,0.07159388065338135,9.800019264221191,-0.0004878902400378138,-0.00011610852379817516,-0.00037233324837870896,2,30.000003814697266,30.0000057220459,1269.874267578125,-0.03214065730571747,-0.004566205199807882,0.006829272024333477,129.57846069335938
2.2239,0.6267154216766357,2.907557964324951,-39.55506896972656,-0.5115106701850891,0.08776028454303741,9.807029724121094,-0.0001262241421500221,0.00022503113723360002,-0.0007785889902152121,2,30.000003814697266,30.0000057220459,1269.874267578125,-0.032424893230199814,-0.004712461493909359,0.006791044492274523,129.57858276367188
2.224,0.6266595125198364,2.907269239425659,-39.55558776855469,-0.48301175236701965,0.12590432167053223,9.80324649810791,3.329795436002314e-05,-0.0002434042253298685,0.00019939876801799983,2,30.000003814697266,30.0000057220459,1269.874267578125,-0.032522983849048615,-0.004653491545468569,0.006781911011785269,129.57861328125
2.224,0.6266513466835022,2.9072036743164062,-39.55560302734375,-0.46139681339263916,0.10625074058771133,9.801158905029297,-0.0001623210118850693,0.00017522083362564445,0.00011945027654292062,2,30.000003814697266,30.0000057220459,1269.874267578125,-0.032294049859046936,-0.0047228955663740635,0.0067154462449252605,129.57847595214844
2.2241,0.6265974044799805,2.907296895980835,-39.55572509765625,-0.47719326615333557,0.10009356588125229,9.801861763000488,-4.478104892768897e-05,0.00033235125010833144,-0.0003122660855296999,2,30.000003814697266,30.0000057220459,1269.874267578125,-0.032098617404699326,-0.004919730592519045,0.006634654477238655,129.57858276367188
2.4249,0.6266365051269531,2.9075567722320557,-39.55604553222656,-0.5092958211898804,0.1066923439502716,9.812355995178223,0.00021134460985194892,0.0007117680506780744,-0.0004957911442033947,2,30.000003814697266,30.0000057220459,1269.874267578125,-0.0320669524371624,-0.00499889999628067,0.006617297884076834,129.5787353515625
2.425,0.6268317103385925,2.907860279083252,-39.556396484375,-0.5322480797767639,0.11236833781003952,9.812982559204102,0.00048271851846948266,0.0003714196791406721,-0.0003460243169683963,2,30.000003814697266,30.0000057220459,1269.874267578125,-0.032213903963565826,-0.004851376172155142,0.006665646098554134,129.57899475097656
2.4251,,,,,,,,,,,,,,,,,
2.4251,0.625728964805603,2.9076430797576904,-39.556793212890625,-0.49702998995780945,0.09978113323450089,9.798389434814453,-0.0007274600793607533,2.6581708880257793e-05,0.00015417170652654022,2,30.000003814697266,30.0000057220459,1269.874267578125,-0.03195875138044357,-0.004421763122081757,0.00671268068253994,129.5436553955078
2.4252,0.6254096031188965,2.907691717147827,-39.55683898925781,-0.4803818464279175,0.08128894865512848,9.808992385864258,-0.00039557775016874075,0.00028992618899792433,-3.100706453551538e-05,2,30.000003814697266,30.0000057220459,1269.874267578125,-0.03200676292181015,-0.004577684681862593,0.006657145917415619,129.5438995361328
2.4252,0.6253523826599121,2.907932758331299,-39.55699157714844,-0.4814037084579468,0.07417735457420349,9.805830955505371,0.00022628648730460554,0.0006838060799054801,-0.00016599702939856797,2,30.000003814697266,30.0000057220459,1269.874267578125,-0.032074108719825745,-0.004895174875855446,0.006646509747952223,129.54415893554688
2.4253,0.6263562440872192,2.908510208129883,-39.557098388671875,-0.5186654329299927,0.1323622465133667,9.804503440856934,0.00022446711955126375,-0.0003148597024846822,0.00031075396691448987,2,30.000003814697266,30.0000057220459,1269.874267578125,-0.03262462094426155,-0.004844218492507935,0.0066495370119810104,129.4568634033203
2.4253,0.6261067390441895,2.908597230911255,-39.55720520019531,-0.5205850601196289,0.12224216759204865,9.81093978881836,0.0005270003457553685,3.1848980142967775e-05,0.00030067304032854736,2,30.000003814697266,30.0000057220459,1269.874267578125,-0.03256963565945625,-0.005127178970724344,0.006631073541939259,129.45703125
2.4253,0.6263436079025269,2.9081616401672363,-39.557281494140625,-0.4702896177768707,0.12255929410457611,9.804659843444824,-0.000603396852966398,-0.00010504500096431002,-0.000278984458418563,2,30.000003814697266,30.0000057220459,1269.874267578125,-0.03238404542207718,-0.004589339252561331,0.006651393137872219,129.45651245117188
2.4254,0.6264673471450806,2.908313751220703,-39.55711364746094,-0.4921032786369324,0.12301991134881973,9.81258773803711,4.229422120261006e-05,-0.0002737095346674323,-0.0001273683155886829,2,30.000003814697266,30.0000057220459,1269.874267578125,-0.03258385509252548,-0.004614342004060745,0.006655627861618996,129.45668029785156
2.4254,0.6263436079025269,2.9081616401672363,-39.557281494140625,-0.4702896177768707,0.12255929410457611,9.804659843444824,-0.000603396852966398,-0.00010504500096431002,-0.000278984458418563,2,30.000003814697266,30.0000057220459,1269.874267578125,-0.03238404542207718,-0.004589339252561331,0.006651393137872219,129.45651245117188
2.4255,0.6260731220245361,2.9080796241760254,-39.55751037597656,-0.4918845295906067,0.1104959025979042,9.800665855407715,-0.0003779854450840503,-4.664550579036586e-05,-0.00024940853472799063,2,30.000003814697266,30.0000057220459,1269.874267578125,-0.03218841552734375,-0.004622676409780979,0.006597324274480343,129.45664978027344
2.4255,0.6259573698043823,2.9080677032470703,-39.557647705078125,-0.499083936214447,0.10353593528270721,9.803356170654297,-4.4617514504352584e-05,0.00014527898747473955,7.594897761009634e-05,2,30.000003814697266,30.0000057220459,1269.874267578125,-0.03216376155614853,-0.004628217313438654,0.006533884443342686,129.45677185058594
2.6262,0.6259692311286926,2.9081788063049316,-39.55757141113281,-0.49942469596862793,0.10760892182588577,9.80687427520752,-0.00034870486706495285,-5.8229215937899426e-05,0.00011838512000394985,2,30.000003814697266,30.0000057220459,1269.874267578125,-0.03230680525302887,-0.004674653522670269,0.006664304994046688,129.45693969726562
2.6263,0.6235750913619995,2.904802083969116,-39.5501708984375,-0.5099440217018127,0.10790718346834183,9.802135467529297,-0.00026587722823023796,-6.574926374014467e-05,-1.6562242308282293e-05,2,30.000003814697266,30.0000057220459,1269.874267578125,-0.032620929181575775,-0.004563414957374334,0.0066391900181770325,129.45701599121094
2.6264,0.621763288974762,2.9020326137542725,-39.54914855957031,-0.4859256446361542,0.09425056725740433,9.802896499633789,0.00015228976553771645,-0.00022184681438375264,6.985630170674995e-05,2,30.000003814697266,30.0000057220459,1269.874267578125,-0.03273342549800873,-0.0045401654206216335,0.006581862922757864,129.4571075439453
2.6265,,,,,,,,,,,,,,,,,
2.6265,0.6157081723213196,2.892768621444702,-39.548126220703125,-0.5026249289512634,0.11984556913375854,9.805587768554688,1.1304660802125e-05,-7.962247036630288e-05,0.00011201803863514215,2,30.000003814697266,30.0000057220459,1269.874267578125,-0.03272639214992523,-0.004159882199019194,0.006658510770648718,129.45155334472656
2.6266,0.6164053678512573,2.893847942352295,-39.54820251464844,-0.5096167922019958,0.1244642436504364,9.808845520019531,-0.00015119355521164834,-9.697823406895623e-05,9.367790880787652e-06,2,30.000003814697266,30.0000057220459,1269.874267578125,-0.03272535651922226,-0.004385341424494982,0.006656615529209375,129.45152282714844
2.6267,0.6152243614196777,2.891759157180786,-39.54801940917969,-0.4882265031337738,0.10648111253976822,9.81607723236084,0.00022279478434938937,-0.00031954230507835746,0.00016636379586998373,2,30.000003814697266,30.0000057220459,1269.874267578125,-0.032701753079891205,-0.00406776973977685,0.006671649403870106,129.45152282714844
2.6268,0.6140903234481812,2.8894035816192627,-39.54804992675781,-0.5016035437583923,0.09097009897232056,9.803509712219238,-0.00010207833111053333,-0.00016180444799829274,-0.00011592417286010459,2,30.000003814697266,30.0000057220459,1269.874267578125,-0.032770439982414246,-0.004375687800347805,0.006702962797135115,129.4512176513672
2.6268,0.6136488914489746,2.8887829780578613,-39.54798889160156,-0.48805439472198486,0.10550656914710999,9.818445205688477,-0.0002068395697278902,0.0001812542468542233,0.00022430661192629486,2,30.000003814697266,30.0000057220459,1269.874267578125,-0.032836299389600754,-0.004428233951330185,0.006723902188241482,129.3743133544922
2.6269,0.6132614612579346,2.888298988342285,-39.54792785644531,-0.4861837923526764,0.1090354472398758,9.81318187713623,1.842228630266618e-05,5.7768073020270094e-05,-8.441755926469341e-05,2,30.000003814697266,30.0000057220459,1269.874267578125,-0.032781969755887985,-0.004449783358722925,0.006791924126446247,129.3744659423828
2.6269,0.6127615571022034,2.887458086013794,-39.54803466796875,-0.5011407732963562,0.12121983617544174,9.808178901672363,5.875205897609703e-05,0.00015504374459851533,-0.00020854031026829034,2,30.000003814697266,30.0000057220459,1269.874267578125,-0.0327589213848114,-0.00439544627442956,0.006772287655621767,129.37451171875
2.627,0.6125776767730713,2.8870391845703125,-39.548095703125,-0.5159134268760681,0.128675177693367,9.800786972045898,0.000193621453945525,-0.00012022782175336033,-4.4386425201992097e-07,2,30.000003814697266,30.0000057220459,1269.874267578125,-0.03274798393249512,-0.00414722366258502,0.0067329066805541515,129.37457275390625
2.627,0.6122941374778748,2.8861382007598877,-39.54780578613281,-0.4879165291786194,0.10091656446456909,9.80029010772705,0.00018000302952714264,-5.066059202363249e-06,0.000517427921295166,2,30.000003814697266,30.0000057220459,1269.874267578125,-0.032788053154945374,-0.003914500121027231,0.006638354156166315,129.37435913085938
2.8275,0.6120469570159912,2.885625123977661,-39.54759216308594,-0.4887315630912781,0.09554823487997055,9.805076599121094,0.00019841782341245562,0.00035226609907113016,0.00011231258395127952,2,30.000003814697266,30.0000057220459,1269.874267578125,-0.03278572857379913,-0.0041930582374334335,0.0066235968843102455,129.37432861328125
2.8277,0.610664427280426,2.8852150440216064,-39.54779052734375,-0.4929497539997101,0.10029676556587219,9.8123140335083,-0.0007074347813613713,0.0004652669304050505,-0.00025348784402012825,2,30.000003814697266,30.0000057220459,1269.874267578125,-0.03291860967874527,-0.003977464511990547,0.0065699853003025055,129.4070281982422
2.8277,0.6100702285766602,2.885087013244629,-39.54801940917969,-0.5109155774116516,0.12152520567178726,9.813406944274902,-0.00022605496633332223,0.00031674635829403996,-0.00027167677762918174,2,30.000003814697266,30.0000057220459,1269.874267578125,-0.03292551636695862,-0.003876538947224617,0.006480086129158735,129.40760803222656
2.8278,0.6099501252174377,2.884911298751831,-39.54803466796875,-0.5029578804969788,0.1058574840426445,9.803085327148438,0.0002612449461594224,-0.00020435165788512677,0.00018719671061262488,2,30.000003814697266,30.0000057220459,1269.874267578125,-0.03298335522413254,-0.0037133158184587955,0.006486667785793543,129.4078369140625
2.8278,0.6099501252174377,2.884911298751831,-39.54803466796875,-0.5029578804969788,0.1058574840426445,9.803085327148438,0.0002612449461594224,-0.00020435165788512677,0.00018719671061262488,2,30.000003814697266,30.0000057220459,1269.874267578125,-0.03298335522413254,-0.0037133158184587955,0.006486667785793543,129.4078369140625
2.8279,0.6101279258728027,2.883730173110962,-39.547637939453125,-0.4994422197341919,0.09976840764284134,9.80292797088623,4.059210550622083e-05,-0.00018651322170626372,0.00041900205542333424,2,30.000003814697266,30.0000057220459,1269.874267578125,-0.0330500565469265,-0.0034648459404706955,0.00655678566545248,129.5371856689453
2.8279,0.6101279258728027,2.883730173110962,-39.547637939453125,-0.4994422197341919,0.09976840764284134,9.80292797088623,4.059210550622083e-05,-0.00018651322170626372,0.00041900205542333424,2,30.000003814697266,30.0000057220459,1269.874267578125,-0.0330500565469265,-0.0034648459404706955,0.00655678566545248,129.5371856689453
2.828,0.6099604964256287,2.883288621902466,-39.54722595214844,-0.4946659207344055,0.09490937739610672,9.808708190917969,-0.00011788230040110648,-0.0001430902339052409,0.00017170340288430452,2,30.000003814697266,30.0000057220459,1269.874267578125,-0.033249348402023315,-0.003657199675217271,0.006531713996082544,129.5370330810547
2.828,0.60959392786026,2.882734775543213,-39.54718017578125,-0.5049640536308289,0.10825702548027039,9.79837417602539,-0.0003316143120173365,-0.0003132966230623424,3.8325219065882266e-05,2,30.000003814697266,30.0000057220459,1269.874267578125,-0.03338734433054924,-0.003645505290478468,0.006477702874690294,129.53697204589844
2.828,0.6093569993972778,2.8824758529663086,-39.547119140625,-0.4879075586795807,0.1215885579586029,9.807588577270508,-0.000297508726362139,-0.00010572052997304127,0.00018445681780576706,2,30.000003814697266,30.0000057220459,1269.874267578125,-0.03336843103170395,-0.0035525993444025517,0.006422973237931728,129.53695678710938
3.029,,,,,,,,,,,,,,,,,
3.0291,0.6088465452194214,2.882434606552124,-39.54698181152344,-0.48609626293182373,0.10538025200366974,9.807722091674805,9.108305675908923e-05,0.00014431298768613487,-4.456217720871791e-05,2,30.000003814697266,30.0000057220459,1269.874267578125,-0.033543072640895844,-0.003542880294844508,0.006539660505950451,129.6309814453125
3.0292,0.6087806820869446,2.882458209991455,-39.547088623046875,-0.5023841857910156,0.11772704869508743,9.81579303741455,-0.00015443580923601985,0.00023157369287218899,-0.0002765313838608563,2,30.000003814697266,30.0000057220459,1269.874267578125,-0.03351108729839325,-0.003500782884657383,0.006567682605236769,129.63104248046875
3.0292,0.6086423397064209,2.882455825805664,-39.54710388183594,-0.5053688287734985,0.12841728329658508,9.806814193725586,-0.00020727573428303003,7.758778519928455e-05,0.00016786558262538165,2,30.000003814697266,30.0000057220459,1269.874267578125,-0.033470187336206436,-0.003303789533674717,0.006606691982597113,129.6311798095703
3.0293,0.6086107492446899,2.8824145793914795,-39.54705810546875,-0.5052803754806519,0.11702475696802139,9.804716110229492,0.00029816405731253326,5.8295237977290526e-05,1.836591400206089e-05,2,30.000003814697266,30.0000057220459,1269.874267578125,-0.03345547616481781,-0.003075801767408848,0.006596363615244627,129.63128662109375
3.0293,0.6089053750038147,2.8821523189544678,-39.546722412109375,-0.5024465918540955,0.09838023036718369,9.809524536132812,0.0002973193768411875,-0.00039966971962712705,8.23937589302659e-05,2,30.000003814697266,30.0000057220459,1269.874267578125,-0.03367175534367561,-0.002942117163911462,0.0065726712346076965,129.6377410888672
3.0294,0.6088551878929138,2.8822803497314453,-39.54902648925781,-0.5022648572921753,0.10326803475618362,9.810627937316895,0.0001025266174110584,0.00012200712080812082,0.00024974194820970297,2,30.000003814697266,30.0000057220459,1269.874267578125,-0.033692460507154465,-0.0029144270811229944,0.006590752862393856,129.642822265625
3.0294,0.6085533499717712,2.882693290710449,-39.55274963378906,-0.5064566731452942,0.11452504247426987,9.809568405151367,-0.00047037663171067834,-0.0002692689886316657,0.0003617026377469301,2,30.000003814697266,30.0000057220459,1269.874267578125,-0.0336400642991066,-0.0028151797596365213,0.006610509939491749,129.64491271972656
3.0295,0.6083704829216003,2.88330078125,-39.5572509765625,-0.5058647394180298,0.1300276666879654,9.816582679748535,-0.00039392849430441856,-0.00020770184346474707,6.897925049997866e-05,2,30.000003814697266,30.0000057220459,1269.874267578125,-0.03348260000348091,-0.0026095265056937933,0.006666809320449829,129.67466735839844
3.0296,0.6087146401405334,2.8840200901031494,-39.562652587890625,-0.4852624237537384,0.12290959060192108,9.79526138305664,-0.00030913844238966703,-0.00037619011709466577,0.00020228225912433118,2,30.000003814697266,30.0000057220459,1269.874267578125,-0.03320443257689476,-0.002414457267150283,0.00664721941575408,129.66734313964844
3.0296,0.6095492839813232,2.884514570236206,-39.56831359863281,-0.4689723551273346,0.12134247273206711,9.804591178894043,0.00010762061720015481,-0.00032904493855312467,0.00033375367638655007,2,30.000003814697266,30.0000057220459,1269.874267578125,-0.03280479460954666,-0.0023595313541591167,0.006559991277754307,129.6551513671875
3.0297,0.6119678616523743,2.884439468383789,-39.578948974609375,-0.48181843757629395,0.11272098124027252,9.805318832397461,0.00013490278797689825,0.0002037366502918303,0.0002580750733613968,2,30.000003814697266,30.0000057220459,1269.874267578125,-0.03203370049595833,-0.0023020224180072546,0.006485096178948879,129.6438446044922
3.0297,0.6141415238380432,2.8839621543884277,-39.58805847167969,-0.4998514652252197,0.07286934554576874,9.8159818649292,-0.00014315434964373708,3.606092286645435e-05,5.786777910543606e-05,2,30.000003814697266,30.0000057220459,1269.874267578125,-0.03185195103287697,-0.002479005139321089,0.006571455858647823,129.6575164794922
3.2303,0.6144610643386841,2.8838894367218018,-39.59233093261719,-0.5136546492576599,0.06567085534334183,9.817822456359863,-2.5582405214663595e-05,-6.140390178188682e-05,-3.339301474625245e-05,2,30.000003814697266,30.0000057220459,1269.874267578125,-0.032042473554611206,-0.002671266673132777,0.00666310079395771,129.67105102539062
3.2305,0.6142192482948303,2.8840837478637695,-39.59669494628906,-0.5062844157218933,0.08906968683004379,9.810033798217773,0.0001836157898651436,-0.00013472377031575888,-0.0004296733532100916,2,30.000003814697266,30.0000057220459,1269.874267578125,-0.03222367540001869,-0.0027971663512289524,0.006734014954417944,129.677978515625
3.2305,,,,,,,,,,,,,,,,,
3.2306,0.6144105195999146,2.8858237266540527,-39.60966491699219,-0.5134886503219604,0.14384758472442627,9.801945686340332,-0.0004800301103387028,-0.00013778511493001133,9.552398842060938e-05,2,30.000003814697266,30.0000057220459,1269.874267578125,-0.03137722983956337,-0.0019026544177904725,0.006707142107188702,129.5568084716797
3.2306,0.6154038906097412,2.8863608837127686,-39.609130859375,-0.5152143836021423,0.10686539858579636,9.807902336120605,-8.09001357993111e-05,4.0789371269056574e-05,0.0003238867502659559,2,30.000003814697266,30.0000057220459,1269.874267578125,-0.03142509236931801,-0.0015725077828392386,0.006688293535262346,129.5609130859375
3.2307,0.6176118850708008,2.887695074081421,-39.60710144042969,-0.48814883828163147,0.08093952387571335,9.814793586730957,-0.0007262776489369571,2.6324138161726296e-05,-0.00031417779973708093,2,30.000003814697266,30.0000057220459,1269.874267578125,-0.03167790547013283,-0.0017303235363215208,0.006713045760989189,129.5641326904297
3.2307,0.6171615123748779,2.889920234680176,-39.60368347167969,-0.5211861729621887,0.10118963569402695,9.806981086730957,-0.0010172688635066152,0.00019502344366628677,5.538302139029838e-05,2,30.000003814697266,30.0000057220459,1269.874267578125,-0.03260666877031326,-0.0018984520575031638,0.0067931972444057465,129.5845947265625
3.2309,0.6169328689575195,2.8910434246063232,-39.60276794433594,-0.5118502974510193,0.12788042426109314,9.799406051635742,0.0007561170496046543,-0.00029562177951447666,-0.00024809272144921124,2,30.000003814697266,30.0000057220459,1269.874267578125,-0.03279180824756622,-0.001688856747932732,0.006747289095073938,129.620361328125
3.231,0.6179717183113098,2.892988681793213,-39.60191345214844,-0.47444361448287964,0.14035442471504211,9.810693740844727,0.0004506988334469497,-0.0006442757439799607,-3.704312621266581e-05,2,30.000003814697266,30.0000057220459,1269.874267578125,-0.03235945105552673,-0.0012372020864859223,0.006707450374960899,129.60336303710938
3.231,0.6187460422515869,2.8935084342956543,-39.6015625,-0.4754502475261688,0.12579336762428284,9.805464744567871,-0.0006773032946512103,-0.00015239868662320077,0.0001389869285048917,2,30.000003814697266,30.0000057220459,1269.874267578125,-0.03204207494854927,-0.001127305906265974,0.006691840477287769,129.5967254638672
3.2311,0.6192014813423157,2.8939127922058105,-39.601287841796875,-0.48727917671203613,0.10750145465135574,9.81712818145752,-0.0012457327684387565,-0.00014934939099475741,-0.00017326789384242147,2,30.000003814697266,30.0000057220459,1269.874267578125,-0.031857240945100784,-0.0011135644745081663,0.006706796586513519,129.59469604492188
3.4321,0.6194849610328674,2.895357370376587,-39.60084533691406,-0.5096873641014099,0.07989221811294556,9.80759334564209,-0.0005617258721031249,-1.4876755813020281e-05,-0.00012999586760997772,2,30.000003814697266,30.0000057220459,1269.874267578125,-0.03254073113203049,-0.0009572222479619086,0.006726148072630167,129.61343383789062
3.4322,0.6194950342178345,2.896087884902954,-39.60096740722656,-0.4883056879043579,0.08623888343572617,9.816508293151855,-0.0005567333428189158,-0.0006287660216912627,0.00014196733536664397,2,30.000003814697266,30.0000057220459,1269.874267578125,-0.03273649513721466,-0.001103980466723442,0.006761330645531416,129.6151123046875
3.4322,,,,,,,,,,,,,,,,,
3.4323,0.6221175789833069,2.897700548171997,-39.603271484375,-0.49376100301742554,0.1270568072795868,9.803418159484863,0.0027931886725127697,0.0003157059836667031,7.768718205625191e-05,2,30.000003814697266,30.0000057220459,1269.874267578125,-0.0318586602807045,-0.0013972835149616003,0.006566320545971394,129.6588134765625
3.4323,0.6241386532783508,2.8978934288024902,-39.60430908203125,-0.5065869688987732,0.11117123067378998,9.810707092285156,0.0026708070654422045,0.00048331511789001524,0.0003402830334380269,2,30.000003814697266,30.0000057220459,1269.874267578125,-0.031765591353178024,-0.001253374619409442,0.006549169309437275,129.6590576171875
3.4324,0.6259210109710693,2.898167371749878,-39.60545349121094,-0.5053493976593018,0.08817800134420395,9.810097694396973,0.0017459460068494081,0.0002674478746484965,0.0002818098873831332,2,30.000003814697266,30.0000057220459,1269.874267578125,-0.03183792158961296,-0.00122969935182482,0.006577686406672001,129.6620635986328
3.4325,0.6272638440132141,2.8989224433898926,-39.6083984375,-0.5034735798835754,0.08696218580007553,9.817549705505371,0.0001460121711716056,0.0002995130780618638,5.8457342674955726e-05,2,30.000003814697266,30.0000057220459,1269.874267578125,-0.032237205654382706,-0.001390382181853056,0.006688863504678011,129.67086791992188
3.4325,0.6262891292572021,2.9000723361968994,-39.61212158203125,-0.5234373211860657,0.1141628846526146,9.827414512634277,5.3437102906173095e-05,-0.00014272819680627435,1.7512705596800515e-07,2,30.000003814697266,30.0000057220459,1269.874267578125,-0.032695870846509933,-0.0013835079735144973,0.0067526292987167835,129.6820068359375
3.4326,0.6254579424858093,2.9009811878204346,-39.614105224609375,-0.5066834688186646,0.11953567713499069,9.804654121398926,-0.001941066817380488,0.0005446188733913004,-0.00022492674179375172,2,30.000003814697266,30.0000057220459,1269.874267578125,-0.032748278230428696,-0.0011934085050597787,0.006852569058537483,129.68104553222656
3.4326,0.6248974800109863,2.9018867015838623,-39.61613464355469,-0.47178980708122253,0.127609983086586,9.825918197631836,0.0001575125934323296,-0.00018639890186022967,-0.0001604329008841887,2,30.000003814697266,30.0000057220459,1269.874267578125,-0.03255915641784668,-0.001120711793191731,0.006939463783055544,129.67665100097656
3.4327,0.624320924282074,2.9025609493255615,-39.618133544921875,-0.48501935601234436,0.1438727229833603,9.801794052124023,-0.0024550515227019787,0.0006150690605863929,-0.0003052067768294364,2,30.000003814697266,30.0000057220459,1269.874267578125,-0.03219606354832649,-0.001015548361465335,0.006991823203861713,129.72154235839844
3.4327,0.623803973197937,2.903083324432373,-39.620361328125,-0.5061612129211426,0.12598776817321777,9.8096284866333,-0.0005491733318194747,-0.0002933622454293072,-0.00014122689026407897,2,30.000003814697266,30.0000057220459,1269.874267578125,-0.03192983940243721,-0.0007972056628204882,0.006977486424148083,129.7213592529297
3.4329,0.6238335371017456,2.903482675552368,-39.622650146484375,-0.5188989043235779,0.13478687405586243,9.820106506347656,-0.0009947663638740778,0.00013115929323248565,0.00021924178872723132,2,30.000003814697266,30.0000057220459,1269.874267578125,-0.03180857002735138,-0.0005165514885447919,0.007043797522783279,129.7214813232422
3.4329,0.6240791082382202,2.9045817852020264,-39.62738037109375,-0.49016234278678894,0.09383643418550491,9.81670093536377,-0.0009658248745836318,3.853737507597543e-05,0.0001998606021516025,2,30.000003814697266,30.0000057220459,1269.874267578125,-0.031759120523929596,-0.0003339975664857775,0.007110168691724539,129.72401428222656
3.634,0.6246483325958252,2.9055747985839844,-39.632904052734375,-0.5021812319755554,0.0905337929725647,9.81043529510498,0.0012517848517745733,4.993181210011244e-05,-0.00016279359988402575,2,30.000003814697266,30.0000057220459,1269.874267578125,-0.03174816444516182,-0.0006460531731136143,0.006991733331233263,129.7277374267578
3.6341,0.625329315662384,2.9060208797454834,-39.63568115234375,-0.4935508668422699,0.085416778922081,9.801544189453125,0.0007588029839098454,-2.3392725779558532e-05,0.00024789769668132067,2,30.000003814697266,30.0000057220459,1269.874267578125,-0.03179961442947388,-0.0007900657947175205,0.006961922161281109,129.7294921875
3.6343,0.6256369948387146,2.9063544273376465,-39.638427734375,-0.505378782749176,0.1074320450425148,9.806183815002441,0.0005298890173435211,-0.00020875217160210013,0.0001514439209131524,2,30.000003814697266,30.0000057220459,1269.874267578125,-0.0318165123462677,-0.0008654655539430678,0.006926538422703743,129.7305145263672
3.6343,0.6256188750267029,2.9067320823669434,-39.64112854003906,-0.49018847942352295,0.11249123513698578,9.802851676940918,-0.00040923181222751737,-8.518141839886084e-05,0.00025211350293830037,2,30.000003814697266,30.0000057220459,1269.874267578125,-0.031736113131046295,-0.0008548760088160634,0.00688391737639904,129.72837829589844
3.6344,,,,,,,,,,,,,,,,,
3.6344,0.6262416243553162,2.908308982849121,-39.65577697753906,-0.49238264560699463,0.12155580520629883,9.804163932800293,0.0006867347401566803,4.685162639361806e-05,9.918704745359719e-05,2,30.000003814697266,30.0000057220459,1269.874267578125,-0.03084876388311386,-0.0006988758686929941,0.0068633961491286755,129.763671875
3.6344,0.6273945569992065,2.9088003635406494,-39.664703369140625,-0.5038363337516785,0.09711019694805145,9.809242248535156,-0.0002806241682264954,0.0001264136953977868,0.00033457702375017107,2,30.000003814697266,30.0000057220459,1269.874267578125,-0.030665071681141853,-0.0003661444061435759,0.0069153402000665665,129.76808166503906
3.6345,0.6271750330924988,2.908515453338623,-39.66180419921875,-0.5234774351119995,0.11326413601636887,9.810614585876465,-0.000248020573053509,-9.782941197045147e-05,0.0003526580985635519,2,30.000003814697266,30.0000057220459,1269.874267578125,-0.03061637654900551,-0.00045964017044752836,0.006887969095259905,129.76588439941406
3.6345,0.6273945569992065,2.9088003635406494,-39.664703369140625,-0.5038363337516785,0.09711019694805145,9.809242248535156,-0.0002806241682264954,0.0001264136953977868,0.00033457702375017107,2,30.000003814697266,30.0000057220459,1269.874267578125,-0.030665071681141853,-0.0003661444061435759,0.0069153402000665665,129.76808166503906
3.6346,0.6274418234825134,2.909266471862793,-39.67085266113281,-0.4974837899208069,0.07390547543764114,9.807672500610352,-0.0003869853389915079,-0.0001852916757343337,-0.0002593677490949631,2,30.000003814697266,30.0000057220459,1269.874267578125,-0.030832255259156227,-0.0005018346128053963,0.006976701784878969,129.77488708496094
3.6347,0.6264718174934387,2.910038709640503,-39.67768859863281,-0.4889202117919922,0.07342727482318878,9.805708885192871,-0.00014425972767639905,0.0001227765460498631,-0.00023755458823870867,2,30.000003814697266,30.0000057220459,1269.874267578125,-0.030953573063015938,-0.0010746847838163376,0.006841649767011404,129.83815002441406
3.6347,0.6248816847801208,2.910959243774414,-39.689910888671875,-0.5052922964096069,0.165340393781662,9.807206153869629,6.474603287642822e-05,1.2030202924506739e-05,-9.669671271694824e-05,2,30.000003814697266,30.0000057220459,1269.874267578125,-0.030274981632828712,-0.0010572921019047499,0.006764971651136875,129.82861328125
3.6348,0.6252158880233765,2.9107625484466553,-39.685791015625,-0.495810866355896,0.13204991817474365,9.809786796569824,0.00036084954626858234,0.0003915133129339665,-0.00011076386726927012,2,30.000003814697266,30.0000057220459,1269.874267578125,-0.030646534636616707,-0.0013535254402086139,0.006763147190213203,129.83392333984375
3.6348,0.624898374080658,2.911029577255249,-39.693817138671875,-0.5049614310264587,0.16921761631965637,9.813722610473633,-0.00022756992257200181,-0.00014326692325994372,-9.369776989842649e-07,2,30.000003814697266,30.0000057220459,1269.874267578125,-0.02983071282505989,-0.0005473063793033361,0.006798381917178631,129.8231658935547
3.6348,0.6258037090301514,2.9109246730804443,-39.70458984375,-0.47903528809547424,0.09339800477027893,9.806047439575195,-0.00015316986537072808,0.00011443621770013124,-6.1517062022176106e-06,2,30.000003814697266,30.0000057220459,1269.874267578125,-0.028997866436839104,-0.0004901628126390278,0.006680247373878956,129.81752014160156
3.8355,0.6254749298095703,2.9110209941864014,-39.70103454589844,-0.47959110140800476,0.10321137309074402,9.796346664428711,-0.0005180857260711491,-5.5863412853796035e-05,-3.756880323635414e-05,2,30.000003814697266,30.0000057220459,1269.874267578125,-0.029192740097641945,-0.0003086139040533453,0.006763603538274765,129.81817626953125
3.8356,,,,,,,,,,,,,,,,,
3.8356,0.6258037090301514,2.9109246730804443,-39.70458984375,-0.47903528809547424,0.09339800477027893,9.806047439575195,-0.00015316986537072808,0.00011443621770013124,-6.1517062022176106e-06,2,30.000003814697266,30.0000057220459,1269.874267578125,-0.028997866436839104,-0.0004901628126390278,0.006680247373878956,129.81752014160156
3.8357,0.6269240975379944,2.9106602668762207,-39.714508056640625,-0.5008825063705444,0.08992277830839157,9.801278114318848,1.274717396881897e-05,0.00025817519053816795,0.00014165451284497976,2,30.000003814697266,30.0000057220459,1269.874267578125,-0.02895391173660755,-0.0007474320009350777,0.006635100115090609,129.81814575195312
3.8357,0.6269375085830688,2.910705089569092,-39.71781921386719,-0.5006800293922424,0.10596214979887009,9.801173210144043,2.6558913305052556e-05,9.190128912450746e-05,-0.00022470939438790083,2,30.000003814697266,30.0000057220459,1269.874267578125,-0.028938647359609604,-0.0008233468397520483,0.006566178519278765,129.81890869140625
3.8358,0.6268510222434998,2.910660743713379,-39.721099853515625,-0.5042205452919006,0.12345829606056213,9.81875228881836,-0.00031585784745402634,-0.000186012068297714,-4.3217867641942576e-05,2,30.000003814697266,30.0000057220459,1269.874267578125,-0.028837596997618675,-0.0007466772221960127,0.006579011213034391,129.81858825683594
3.8358,0.6267839670181274,2.910383701324463,-39.726837158203125,-0.4864843785762787,0.11047980189323425,9.801841735839844,-0.0005513051874004304,-0.00010587192082311958,0.00047751746024005115,2,30.000003814697266,30.0000057220459,1269.874267578125,-0.028377963230013847,-0.0005149459466338158,0.006701727397739887,129.81346130371094
3.8359,0.627636730670929,2.9096648693084717,-39.737701416015625,-0.4970414340496063,0.0928947851061821,9.812819480895996,0.00017183714953716844,0.00024381291586905718,4.755527697852813e-05,2,30.000003814697266,30.0000057220459,1269.874267578125,-0.028051938861608505,-0.0011072397464886308,0.006611018441617489,129.81568908691406
3.836,0.6274021863937378,2.9096269607543945,-39.74024963378906,-0.5108648538589478,0.09174895286560059,9.809371948242188,-0.0006520659662783146,0.0004951773444190621,-0.00019254867220297456,2,30.000003814697266,30.0000057220459,1269.874267578125,-0.02812264673411846,-0.0011947941966354847,0.006644136738032103,129.9041290283203
3.836,0.6266527771949768,2.9096181392669678,-39.74345397949219,-0.5082882046699524,0.12025713175535202,9.808610916137695,-0.0010133424075320363,-0.00018279948562849313,-0.000246819865424186,2,30.000003814697266,30.0000057220459,1269.874267578125,-0.028139373287558556,-0.0011585889151319861,0.006662682164460421,129.90493774414062
3.8361,0.6260241866111755,2.9095373153686523,-39.746978759765625,-0.5067788362503052,0.11561325192451477,9.80146598815918,-0.0005731953424401581,-9.616815077606589e-05,-0.0001382118498440832,2,30.000003814697266,30.0000057220459,1269.874267578125,-0.028057973831892014,-0.001019200892187655,0.006641503889113665,129.90570068359375
3.8362,0.6257176995277405,2.9095399379730225,-39.75080871582031,-0.4997893273830414,0.12215591222047806,9.806639671325684,-8.730043191462755e-05,-0.00013047561515122652,-0.0003751276817638427,2,30.000003814697266,30.0000057220459,1269.874267578125,-0.027925407513976097,-0.0008944605360738933,0.006600288674235344,129.90475463867188
3.8362,0.6257225871086121,2.909572124481201,-39.75477600097656,-0.47927019000053406,0.10963056236505508,9.802384376525879,0.00013515300815925002,-5.1276623707963154e-05,-0.0001946666743606329,2,30.000003814697266,30.0000057220459,1269.874267578125,-0.027707481756806374,-0.0008662102045491338,0.006558425724506378,129.902099609375
3.8362,0.6260230541229248,2.9093446731567383,-39.76258850097656,-0.48129984736442566,0.09898866713047028,9.809195518493652,-0.00021771194587927312,0.000330650364048779,-8.609014184912667e-05,2,30.000003814697266,30.0000057220459,1269.874267578125,-0.02719476819038391,-0.0012639157939702272,0.006499727722257376,129.89768981933594
4.0369,0.6259173154830933,2.9090850353240967,-39.76655578613281,-0.5135831236839294,0.10372884571552277,9.806537628173828,0.0002499826659914106,0.0001255614624824375,-8.070877811405808e-05,2,30.000003814697266,30.0000057220459,1269.874267578125,-0.027081089094281197,-0.001333944033831358,0.006490055471658707,129.90045166015625
4.037,,,,,,,,,,,,,,,,,
4.037,0.6259159445762634,2.9091172218322754,-39.78619384765625,-0.48358750343322754,0.09518914669752121,9.815781593322754,-6.1656451180169825e-06,0.00025334322708658874,-0.00032282370375469327,2,30.000003814697266,30.0000057220459,1269.874267578125,-0.0266017597168684,-0.0010116610210388899,0.006645361892879009,129.9502716064453
4.0371,0.6259704828262329,2.909111738204956,-39.7906494140625,-0.5057476758956909,0.10408481955528259,9.808897018432617,0.00046652398305013776,0.00015767876175232232,-3.067529542022385e-05,2,30.000003814697266,30.0000057220459,1269.874267578125,-0.026475274935364723,-0.0010996387572959065,0.006680999882519245,129.9518280029297
4.0372,0.6261022090911865,2.9091551303863525,-39.7950439453125,-0.5243790149688721,0.106562040746212,9.817376136779785,0.00020539738761726767,0.00012782835983671248,0.0001629764010431245,2,30.000003814697266,30.0000057220459,1269.874267578125,-0.0264773927628994,-0.001005637808702886,0.006736444775015116,129.9556121826172
4.0372,0.6262437701225281,2.909339666366577,-39.799468994140625,-0.5148126482963562,0.09881387650966644,9.817176818847656,0.00042546470649540424,-0.00014422812091652304,0.00010094326717080548,2,30.000003814697266,30.0000057220459,1269.874267578125,-0.02654389850795269,-0.0009144270443357527,0.006838650908321142,129.95884704589844
4.0372,0.626194953918457,2.909536838531494,-39.80393981933594,-0.5146378874778748,0.10630213469266891,9.81002140045166,-0.00025769832427613437,-0.00024976025451906025,6.683082756353542e-05,2,30.000003814697266,30.0000057220459,1269.874267578125,-0.02657739631831646,-0.0008502291748300195,0.006900663487613201,129.96124267578125
4.0373,0.6257796287536621,2.9098684787750244,-39.80845642089844,-0.5015478730201721,0.12507496774196625,9.81588077545166,-0.000807459291536361,-5.231123577686958e-05,-0.00012558222806546837,2,30.000003814697266,30.0000057220459,1269.874267578125,-0.026484936475753784,-0.0007312317611649632,0.0069562108255922794,129.95993041992188
4.0373,0.6253923773765564,2.910268545150757,-39.81292724609375,-0.4950074255466461,0.1160544827580452,9.80974006652832,-0.0006201795185916126,-7.718974666204304e-05,-0.0001287171762669459,2,30.000003814697266,30.0000057220459,1269.874267578125,-0.026284700259566307,-0.0006191398715600371,0.007009867578744888,129.958740234375
4.0374,0.6251314878463745,2.9105634689331055,-39.817230224609375,-0.4837312698364258,0.10730820894241333,9.812127113342285,-0.0005996434483677149,-0.0002404989645583555,0.00021301709057297558,2,30.000003814697266,30.0000057220459,1269.874267578125,-0.026068201288580894,-0.0006281473324634135,0.007035866379737854,129.95689392089844
4.0374,0.624977171421051,2.9107892513275146,-39.82130432128906,-0.48766252398490906,0.09976986050605774,9.805522918701172,-0.00015077316493261606,0.00012414882075972855,0.00035658825072459877,2,30.000003814697266,30.0000057220459,1269.874267578125,-0.025866972282528877,-0.0007265007589012384,0.007031045854091644,129.92864990234375
4.0375,0.6249920725822449,2.9109623432159424,-39.82501220703125,-0.501222550868988,0.09194869548082352,9.820364952087402,0.00011949553299928084,-7.2849215939641e-05,0.000496504595503211,2,30.000003814697266,30.0000057220459,1269.874267578125,-0.025786142796278,-0.0008278617751784623,0.007066176272928715,129.93084716796875
4.0375,0.6249313354492188,2.91115140914917,-39.82865905761719,-0.5032950043678284,0.0971476212143898,9.811171531677246,-1.1904987331945449e-05,9.915867849485949e-05,-0.00010898902837652713,2,30.000003814697266,30.0000057220459,1269.874267578125,-0.02578684128820896,-0.0009127603843808174,0.007149656768888235,129.9324951171875
4.0377,0.624754786491394,2.9113757610321045,-39.83226013183594,-0.5079153776168823,0.10248589515686035,9.809000968933105,2.907794805651065e-05,-4.9997201131191105e-05,-9.037307609105483e-05,2,30.000003814697266,30.0000057220459,1269.874267578125,-0.025791296735405922,-0.0009329912136308849,0.00717540318146348,129.93446350097656
4.0377,0.6245258450508118,2.9115982055664062,-39.83570861816406,-0.5021212100982666,0.1068262979388237,9.80939769744873,-0.0001528294087620452,-0.00015980255557224154,-0.00010204507998423651,2,30.000003814697266,30.0000057220459,1269.874267578125,-0.025771047919988632,-0.0009063019533641636,0.007188941352069378,129.9348907470703
4.0378,0.6239877343177795,2.9122512340545654,-39.842193603515625,-0.48714175820350647,0.11352923512458801,9.809326171875,0.00014589566853828728,-0.0002044010179815814,0.0001227593602379784,2,30.000003814697266,30.0000057220459,1269.874267578125,-0.02559833973646164,-0.000928577093873173,0.007212660275399685,129.933349609375
4.2383,,,,,,,,,,,,,,,,,
4.2383,0.624221682548523,2.912243604660034,-39.85528564453125,-0.5052421689033508,0.09741286933422089,9.802556991577148,-0.00016648687596898526,0.0001683745940681547,0.00031218043295666575,2,30.000003814697266,30.0000057220459,1269.874267578125,-0.024805637076497078,-0.0007541995728388429,0.007236103992909193,129.9619903564453
4.2384,0.6238995790481567,2.9126009941101074,-39.86082458496094,-0.514236569404602,0.08602257072925568,9.808844566345215,-0.0005294355214573443,0.00021020483109168708,0.00011004699626937509,2,30.000003814697266,30.0000057220459,1269.874267578125,-0.02502296306192875,-0.0009646837133914232,0.007297603413462639,129.9700927734375
4.2384,0.6233471632003784,2.913348436355591,-39.8668212890625,-0.5056431889533997,0.10177771747112274,9.81042194366455,0.0009171703131869435,-1.9708499166881666e-05,-2.558880441938527e-05,2,30.000003814697266,30.0000057220459,1269.874267578125,-0.025297364220023155,-0.0010909740813076496,0.0073350174352526665,129.9761962890625
4.2385,0.6231345534324646,2.913980722427368,-39.872802734375,-0.48317793011665344,0.12846985459327698,9.807205200195312,0.00019600505765993148,3.9408387237926945e-05,0.0002247560623800382,2,30.000003814697266,30.0000057220459,1269.874267578125,-0.024951742962002754,-0.0011021641548722982,0.0073301903903484344,129.96884155273438
4.2385,0.6231262683868408,2.9141697883605957,-39.8756103515625,-0.49379903078079224,0.11403725296258926,9.809391975402832,0.000396143295802176,0.00010383793414803222,0.00015017394616734236,2,30.000003814697266,30.0000057220459,1269.874267578125,-0.024695899337530136,-0.0010496432660147548,0.007332647684961557,129.96719360351562
4.2385,0.6232030987739563,2.914259433746338,-39.8782958984375,-0.4801538586616516,0.11370135098695755,9.806589126586914,0.0002006965223699808,-0.00019754315144382417,0.00025529941194690764,2,30.000003814697266,30.0000057220459,1269.874267578125,-0.024492045864462852,-0.0010670686606317759,0.007325883023440838,129.96414184570312
4.2386,0.623276948928833,2.9142260551452637,-39.88343811035156,-0.5176694989204407,0.10362102091312408,9.813738822937012,-8.454173075733706e-05,7.710618228884414e-05,0.00012733337644021958,2,30.000003814697266,30.0000057220459,1269.874267578125,-0.024258628487586975,-0.0011000650702044368,0.0072969417087733746,129.97601318359375
4.2386,0.6226520538330078,2.9144766330718994,-39.888519287109375,-0.5091026425361633,0.10276678949594498,9.81197452545166,-0.0005562567384913564,-0.0003062309988308698,0.00043001730227842927,2,30.000003814697266,30.0000057220459,1269.874267578125,-0.024341993033885956,-0.0010404348140582442,0.007356970105320215,129.9798126220703
4.2387,0.6221224665641785,2.9146957397460938,-39.89361572265625,-0.49754366278648376,0.09653140604496002,9.801358222961426,-4.812883344129659e-05,-0.00014131191710475832,0.00013618999219033867,2,30.000003814697266,30.0000057220459,1269.874267578125,-0.02436760440468788,-0.0010888585820794106,0.007314490154385567,129.98220825195312
4.2387,0.6218608021736145,2.9148502349853516,-39.896331787109375,-0.5050478577613831,0.1172587126493454,9.812551498413086,-4.258881017449312e-05,-6.02574109507259e-05,-0.00040600833017379045,2,30.000003814697266,30.0000057220459,1269.874267578125,-0.024307643994688988,-0.001081098453141749,0.007303478661924601,129.9815216064453
4.4392,0.6216616034507751,2.915111780166626,-39.89894104003906,-0.5012383460998535,0.10458292812108994,9.80827808380127,-0.00026611622888594866,0.000122343422845006,6.563992792507634e-05,2,30.000003814697266,30.0000057220459,1269.874267578125,-0.024253088980913162,-0.001020312076434493,0.007328690495342016,129.9822540283203
4.4393,,,,,,,,,,,,,,,,,
4.4394,0.6207626461982727,2.9164352416992188,-39.9107666015625,-0.48768019676208496,0.11380369961261749,9.82099723815918,0.0001022667929646559,-0.00014514302893076092,-0.00029313648701645434,2,30.000003814697266,30.0000057220459,1269.874267578125,-0.023825064301490784,-0.0009783734567463398,0.007436030078679323,129.944091796875
4.4394,0.6208417415618896,2.916487455368042,-39.91253662109375,-0.4779849648475647,0.10968796163797379,9.804837226867676,0.00012231022992637008,-8.810168219497427e-05,4.157100192969665e-05,2,30.000003814697266,30.0000057220459,1269.874267578125,-0.02363349311053753,-0.0010377175640314817,0.007477785460650921,129.9408721923828
4.4395,0.6210999488830566,2.9162356853485107,-39.91539001464844,-0.49890968203544617,0.10853955149650574,9.80749225616455,6.51411828584969e-05,-5.8634734159568325e-05,-0.0001786655921023339,2,30.000003814697266,30.0000057220459,1269.874267578125,-0.023490464314818382,-0.0011894844938069582,0.007462730165570974,129.9410400390625
4.4395,0.6208524703979492,2.916266918182373,-39.91755676269531,-0.5057567954063416,0.1052585020661354,9.800690650939941,-0.0005532385548576713,7.151905447244644e-05,7.88042598287575e-05,2,30.000003814697266,30.0000057220459,1269.874267578125,-0.023542992770671844,-0.0012309886515140533,0.00740967458114028,129.94354248046875
4.4397,0.6205638647079468,2.9162917137145996,-39.91856384277344,-0.4956725537776947,0.09937763214111328,9.810790061950684,-0.00013914686860516667,-3.0224166039261036e-05,-8.321993664139882e-05,2,30.000003814697266,30.0000057220459,1269.874267578125,-0.023568008095026016,-0.0012460143771022558,0.007383610587567091,129.94419860839844
4.4397,0.6201594471931458,2.9164464473724365,-39.92047119140625,-0.48963865637779236,0.11474602669477463,9.802294731140137,0.00019208205048926175,-6.088274062676646e-07,-2.0518606106634252e-05,2,30.000003814697266,30.0000057220459,1269.874267578125,-0.023513279855251312,-0.0012934007681906223,0.007304827217012644,129.94276428222656
4.4397,0.6203919053077698,2.916433334350586,-39.92131042480469,-0.48718419671058655,0.10179883986711502,9.80346965789795,0.0009271496091969311,9.832976502366364e-05,-4.092525705345906e-05,2,30.000003814697266,30.0000057220459,1269.874267578125,-0.023410072550177574,-0.0013442875351756811,0.007246624678373337,129.8915557861328
4.4398,0.6207056045532227,2.916402578353882,-39.92164611816406,-0.49446752667427063,0.10631502419710159,9.808436393737793,0.0004886302049271762,0.00029238485149107873,0.0002840086817741394,2,30.000003814697266,30.0000057220459,1269.874267578125,-0.023358697071671486,-0.0014173907693475485,0.007215522229671478,129.89088439941406
4.4398,0.6208274960517883,2.91640305519104,-39.92170715332031,-0.4826758801937103,0.09662238508462906,9.818133354187012,0.00010666408343240619,0.00020889591542072594,-0.00011853706382680684,2,30.000003814697266,30.0000057220459,1269.874267578125,-0.023328538984060287,-0.0015227684052661061,0.00725427595898509,129.88987731933594
4.4399,0.6202519536018372,2.916038990020752,-39.92146301269531,-0.5707806348800659,0.1494055539369583,9.814767837524414,-0.0004627728776540607,-0.00021430879132822156,0.00021470623323693871,2,30.000003814697266,30.0000057220459,1269.874267578125,-0.023429501801729202,-0.0013463839422911406,0.007452173158526421,129.8950958251953
4.4399,0.6200575828552246,2.9168362617492676,-39.91911315917969,-0.42671456933021545,0.06170506402850151,9.795761108398438,-0.0006981195183470845,-0.0006029240903444588,-0.0001444285298930481,2,30.000003814697266,30.0000057220459,1269.874267578125,-0.023708807304501534,-0.000685620354488492,0.0075098201632499695,129.89280700683594
4.6408,0.61996990442276,2.916569948196411,-39.91984558105469,-0.4788847267627716,0.11122255772352219,9.807321548461914,-0.000730605679564178,-0.000588595459703356,0.0006149289547465742,2,30.000003814697266,30.0000057220459,1269.874267578125,-0.023851126432418823,-0.0002948345791082829,0.007597791496664286,129.8977813720703
4.6409,0.6200575828552246,2.9168362617492676,-39.91911315917969,-0.42671456933021545,0.06170506402850151,9.795761108398438,-0.0006981195183470845,-0.0006029240903444588,-0.0001444285298930481,2,30.000003814697266,30.0000057220459,1269.874267578125,-0.023708807304501534,-0.000685620354488492,0.0075098201632499695,129.89280700683594
4.641,,,,,,,,,,,,,,,,,
4.641,0.6185383200645447,2.9160499572753906,-39.917877197265625,-0.5169131755828857,0.09307508170604706,9.813302040100098,-0.0010904875816777349,-0.00022667254961561412,0.0003145693044643849,2,30.000003814697266,30.0000057220459,1269.874267578125,-0.02346913143992424,-0.001632226281799376,0.007397102192044258,129.76666259765625
4.6411,0.6168197393417358,2.9156599044799805,-39.91423034667969,-0.50949627161026,0.08261609077453613,9.81523323059082,-0.0006515037966892123,0.00014221941819414496,-0.0004716670955531299,2,30.000003814697266,30.0000057220459,1269.874267578125,-0.02399558015167713,-0.001952583552338183,0.007428113836795092,129.7734832763672
4.6412,0.6158730387687683,2.9154388904571533,-39.91203308105469,-0.5223623514175415,0.1340464949607849,9.81916332244873,-0.0006813859799876809,-0.0006381096318364143,-0.000672437425237149,2,30.000003814697266,30.0000057220459,1269.874267578125,-0.024198442697525024,-0.0018868327606469393,0.00752455648034811,129.77423095703125
4.6412,0.6150513291358948,2.9150853157043457,-39.90928649902344,-0.5187368988990784,0.152445450425148,9.812684059143066,-0.001166286412626505,-0.0009381411364302039,0.00025405114865861833,2,30.000003814697266,30.0000057220459,1269.874267578125,-0.02424541302025318,-0.0014855826739221811,0.007616841699928045,129.7720184326172
4.6413,0.6141358017921448,2.9143025875091553,-39.902099609375,-0.4557088315486908,0.1212199404835701,9.805082321166992,-0.00032423867378383875,-0.0007410009857267141,0.0005932311178185046,2,30.000003814697266,30.0000057220459,1269.874267578125,-0.023933865129947662,-0.0011237604776397347,0.007599351461976767,129.75953674316406
4.6413,0.6145684719085693,2.9123456478118896,-39.89064025878906,-0.5193406939506531,0.09532517939805984,9.814918518066406,-0.00047573645133525133,-0.0004127414431422949,0.00030457068351097405,2,30.000003814697266,30.0000057220459,1269.874267578125,-0.023752957582473755,-0.0012401649728417397,0.007464827969670296,129.7567138671875
4.6414,0.6148213148117065,2.9118435382843018,-39.88667297363281,-0.5062258243560791,0.04966127127408981,9.794596672058105,-0.0001823064376367256,-0.000430808198871091,0.0003583136713132262,2,30.000003814697266,30.0000057220459,1269.874267578125,-0.024207834154367447,-0.0013536164769902825,0.0074415793642401695,129.7056427001953
4.6415,0.614795446395874,2.91165828704834,-39.882598876953125,-0.4852689206600189,0.04092775285243988,9.806314468383789,4.396957592689432e-05,0.00034326783497817814,-4.144261765759438e-05,2,30.000003814697266,30.0000057220459,1269.874267578125,-0.024722715839743614,-0.0018046763725578785,0.0073580052703619,129.7108612060547
4.6416,0.6144060492515564,2.911593198776245,-39.878692626953125,-0.4831882417201996,0.050261009484529495,9.811440467834473,0.00028896023286506534,0.00022319701383821666,-0.0005107705947011709,2,30.000003814697266,30.0000057220459,1269.874267578125,-0.025151152163743973,-0.0023816809989511967,0.007337301503866911,129.71475219726562
4.6416,0.6131672859191895,2.911618947982788,-39.870880126953125,-0.5279428362846375,0.1346084177494049,9.806984901428223,0.0005851560272276402,0.0003509111702442169,-4.776947753271088e-05,2,30.000003814697266,30.0000057220459,1269.874267578125,-0.025750404223799706,-0.0024830889888107777,0.007338220719248056,129.71868896484375
4.6418,0.6128853559494019,2.9118587970733643,-39.866668701171875,-0.5094203948974609,0.15409603714942932,9.817575454711914,0.0004792848485521972,0.00016824589692987502,0.0001172763659269549,2,30.000003814697266,30.0000057220459,1269.874267578125,-0.025833455845713615,-0.002079632831737399,0.007392963860183954,129.71524047851562
4.8425,0.612744152545929,2.912055015563965,-39.862335205078125,-0.48103946447372437,0.14623205363750458,9.799306869506836,-0.00037107616662979126,-0.00011378749331925064,-9.732160833664238e-05,2,30.000003814697266,30.0000057220459,1269.874267578125,-0.025701671838760376,-0.0017412056913599372,0.007401639129966497,129.70831298828125
4.8426,,,,,,,,,,,,,,,,,
4.8426,0.613080620765686,2.9120893478393555,-39.84942626953125,-0.5357181429862976,0.12347621470689774,9.81709098815918,-0.0004644596192520112,-0.0005915500805713236,0.00022022378107067198,2,30.000003814697266,30.0000057220459,1269.874267578125,-0.02586931176483631,-0.00121616804972291,0.0073825903236866,129.70909118652344
4.8427,0.6138684153556824,2.911797523498535,-39.8359375,-0.47240322828292847,0.108615942299366,9.809257507324219,-0.0007359907031059265,-0.0008043487323448062,0.0006090195965953171,2,30.000003814697266,30.0000057220459,1269.874267578125,-0.02632671222090721,-0.0006852403748780489,0.007461148779839277,129.71376037597656
4.8427,0.6139450669288635,2.911627769470215,-39.83189392089844,-0.4720839262008667,0.09927519410848618,9.799468040466309,-0.0012452142545953393,-0.0006905625341460109,5.3102310630492866e-05,2,30.000003814697266,30.0000057220459,1269.874267578125,-0.026268862187862396,-0.0008391467854380608,0.007406660821288824,129.7104034423828
4.8428,0.6138209104537964,2.911384344100952,-39.82814025878906,-0.46934974193573,0.08516529202461243,9.80718994140625,-0.001196029013954103,-0.0003273120673839003,-6.514279812108725e-05,2,30.000003814697266,30.0000057220459,1269.874267578125,-0.026263652369379997,-0.001094671431928873,0.007345305755734444,129.70895385742188
4.8428,0.6134228706359863,2.9108669757843018,-39.82090759277344,-0.4921702742576599,0.060713496059179306,9.80073356628418,-0.00028314063092693686,0.00029888638528063893,0.00011509018077049404,2,30.000003814697266,30.0000057220459,1269.874267578125,-0.02662741392850876,-0.0018074512481689453,0.007202303037047386,129.71429443359375
4.8429,0.6129911541938782,2.910752058029175,-39.817657470703125,-0.5200172066688538,0.07152923941612244,9.809123992919922,-0.0003223083622287959,0.00036669449764303863,-4.418312892084941e-05,2,30.000003814697266,30.0000057220459,1269.874267578125,-0.027038469910621643,-0.0020732544362545013,0.007161237765103579,129.7210235595703
4.8429,0.6123483180999756,2.910785675048828,-39.81468200683594,-0.5084517598152161,0.1004645824432373,9.812653541564941,-0.0001396304287482053,7.660849223611876e-05,-8.268155943369493e-05,2,30.000003814697266,30.0000057220459,1269.874267578125,-0.027398688718676567,-0.002151519525796175,0.0071886335499584675,129.7234344482422
4.8429,0.6109963655471802,2.910181760787964,-39.80516052246094,-0.46094316244125366,0.1101236417889595,9.801164627075195,-0.0005826566484756768,-0.00022654638451058418,0.00042236511944793165,2,30.000003814697266,30.0000057220459,1269.8741455078125,-0.027561649680137634,-0.001994873397052288,0.0072331661358475685,129.56658935546875
4.843,0.6109963655471802,2.910181760787964,-39.80516052246094,-0.46094316244125366,0.1101236417889595,9.801164627075195,-0.0005826566484756768,-0.00022654638451058418,0.00042236511944793165,2,30.000003814697266,30.0000057220459,1269.8741455078125,-0.027561649680137634,-0.001994873397052288,0.0072331661358475685,129.56658935546875
4.843,0.6106316447257996,2.9099161624908447,-39.800537109375,-0.4567025303840637,0.11105803400278091,9.806085586547852,-0.00020227704953867942,0.00023210365907289088,-0.0001846942031988874,2,30.000003814697266,30.0000057220459,1269.8741455078125,-0.02737128920853138,-0.002198871225118637,0.007168371230363846,129.56015014648438
4.8431,0.6099907159805298,2.909123420715332,-39.79026794433594,-0.5340366363525391,0.11970412731170654,9.80632495880127,-0.0006449570064432919,0.0003758682287298143,-0.0002497469540685415,2,30.000003814697266,30.0000057220459,1269.8741455078125,-0.027455780655145645,-0.002294704085215926,0.00709632970392704,129.5617218017578
4.8431,0.6097217202186584,2.9089715480804443,-39.784515380859375,-0.5168777704238892,0.11435066163539886,9.805006980895996,-0.0005212266696617007,0.00026723110931925476,0.00022884237114340067,2,30.000003814697266,30.0000057220459,1269.8741455078125,-0.02778630331158638,-0.002018788829445839,0.007084098644554615,129.56370544433594
5.0438,0.609528660774231,2.90891695022583,-39.77851867675781,-0.5000402331352234,0.10262669622898102,9.808696746826172,-0.0007428282406181097,8.535107190255076e-05,0.0001678955741226673,2,30.000003814697266,30.0000057220459,1269.8741455078125,-0.028045309707522392,-0.001896263682283461,0.007075433619320393,129.564697265625
5.0439,,,,,,,,,,,,,,,,,
5.0439,0.6089118123054504,2.9078073501586914,-39.74290466308594,-0.49194949865341187,0.11051851511001587,9.810447692871094,0.0002017868246184662,-0.00013405598292592913,0.0003434085811022669,2,30.000003814697266,30.0000057220459,1269.8741455078125,-0.029455972835421562,-0.002204161835834384,0.006888674106448889,129.47801208496094
5.044,0.6087396740913391,2.908036470413208,-39.74955749511719,-0.49814003705978394,0.10675229132175446,9.802844047546387,0.0006093145348131657,-0.00044220962445251644,0.0001316570705967024,2,30.000003814697266,30.0000057220459,1269.8741455078125,-0.02926456741988659,-0.0022295890375971794,0.006905754096806049,129.47958374023438
5.044,0.6089118123054504,2.9078073501586914,-39.74290466308594,-0.49194949865341187,0.11051851511001587,9.810447692871094,0.0002017868246184662,-0.00013405598292592913,0.0003434085811022669,2,30.000003814697266,30.0000057220459,1269.8741455078125,-0.029455972835421562,-0.002204161835834384,0.006888674106448889,129.47801208496094
5.0441,0.6088775992393494,2.9075942039489746,-39.736083984375,-0.4763014614582062,0.1169249564409256,9.809382438659668,-0.0004397666489239782,-0.00028146838303655386,-9.092913387576118e-05,2,30.000003814697266,30.0000057220459,1269.8741455078125,-0.029527803882956505,-0.002230515703558922,0.006894001271575689,129.47352600097656
5.0442,0.608423113822937,2.907339096069336,-39.72918701171875,-0.4934874475002289,0.1063445508480072,9.814631462097168,-0.0015362224075943232,0.0003141115594189614,-0.0001603277341928333,2,30.000003814697266,30.0000057220459,1269.8741455078125,-0.029601311311125755,-0.002256300998851657,0.00692858686670661,129.47259521484375
5.0442,0.6078363060951233,2.907289981842041,-39.72227478027344,-0.493179589509964,0.1141371950507164,9.805574417114258,-0.0008931073825806379,0.0004802797921001911,-0.0002982292207889259,2,30.000003814697266,30.0000057220459,1269.8741455078125,-0.029755914583802223,-0.002242814749479294,0.006944142747670412,129.47181701660156
5.0443,0.6075685024261475,2.9072844982147217,-39.715301513671875,-0.5008984208106995,0.1081693172454834,9.815691947937012,-0.0006512364489026368,0.0004547503776848316,-5.294988295645453e-05,2,30.000003814697266,30.0000057220459,1269.8741455078125,-0.029940837994217873,-0.0021857861429452896,0.006964089348912239,129.4725799560547
5.0443,0.6074901223182678,2.9073567390441895,-39.70841979980469,-0.4888814389705658,0.08458829671144485,9.809943199157715,-0.0003456312988419086,0.000592603231780231,-0.00037128262920305133,2,30.000003814697266,30.0000057220459,1269.8741455078125,-0.03020334057509899,-0.002252931473776698,0.007008261047303677,129.47386169433594
5.0444,0.6073088645935059,2.9074625968933105,-39.70176696777344,-0.5058267116546631,0.08641558885574341,9.803800582885742,-0.0004794714041054249,0.000781178823672235,-0.000411049259128049,2,30.000003814697266,30.0000057220459,1269.8741455078125,-0.030533913522958755,-0.0023912962060421705,0.0069959936663508415,129.4772186279297
5.0444,0.6069522500038147,2.9077329635620117,-39.69525146484375,-0.49504297971725464,0.08553750813007355,9.805999755859375,-0.0005336368922144175,0.0007404261268675327,-0.00025136448675766587,2,30.000003814697266,30.0000057220459,1269.8741455078125,-0.03089594654738903,-0.0025189691223204136,0.006965623237192631,129.47935485839844
5.0444,0.6066219806671143,2.907888650894165,-39.68885803222656,-0.5144684314727783,0.11207852512598038,9.810773849487305,0.0002052307390840724,0.0003393140505068004,-1.3727151781495195e-05,2,30.000003814697266,30.0000057220459,1269.8741455078125,-0.031195078045129776,-0.0025383930187672377,0.0069621712900698185,129.4441375732422
5.0445,0.6066828370094299,2.907895088195801,-39.6822509765625,-0.50982666015625,0.13417519629001617,9.804925918579102,0.0005028432351537049,-0.0002352964656893164,0.00020152080105617642,2,30.000003814697266,30.0000057220459,1269.8741455078125,-0.03141974285244942,-0.0023197056725621223,0.006969972513616085,129.44317626953125
5.0445,0.6069526672363281,2.907808542251587,-39.67535400390625,-0.5006431937217712,0.12849196791648865,9.812016487121582,-3.6611210816772655e-05,-0.0003778384707402438,0.000713352405000478,2,30.000003814697266,30.0000057220459,1269.8741455078125,-0.031545963138341904,-0.0020583635196089745,0.006980708334594965,129.44073486328125
5.0445,0.6076633334159851,2.907529592514038,-39.66162109375,-0.47664254903793335,0.10915973037481308,9.806800842285156,-4.044341767439619e-05,-5.225028871791437e-06,-5.698015229427256e-05,2,30.000003814697266,30.0000057220459,1269.8741455078125,-0.031611938029527664,-0.001962281297892332,0.006975191179662943,129.43338012695312
5.0446,0.6080310344696045,2.9072794914245605,-39.65504455566406,-0.4918248653411865,0.09383976459503174,9.813332557678223,-0.0002449482853990048,-0.0002159112336812541,-0.00024281650257762522,2,30.000003814697266,30.0000057220459,1269.8741455078125,-0.03173457458615303,-0.0020581563003361225,0.006988268345594406,129.4336395263672
5.2453,,,,,,,,,,,,,,,,,
5.2454,0.6082611083984375,2.9084508419036865,-39.618560791015625,-0.42659035325050354,0.09473326802253723,9.808343887329102,-0.0003181757347192615,0.00024951359955593944,-0.00032135125366039574,2,30.000003814697266,30.0000057220459,1269.8741455078125,-0.03330608829855919,-0.00192884705029428,0.006857620552182198,129.44949340820312
5.2454,0.6083962321281433,2.908487319946289,-39.613372802734375,-0.4548472464084625,0.09674160182476044,9.80312442779541,2.020417741732672e-05,0.0007009691325947642,-0.00018875417299568653,2,30.000003814697266,30.0000057220459,1269.8741455078125,-0.03306442126631737,-0.002357896650210023,0.006807758938521147,129.4442901611328
5.2455,0.6085013151168823,2.9082040786743164,-39.6082763671875,-0.50349360704422,0.11083850264549255,9.811917304992676,-6.169451808091253e-06,0.00036890862975269556,-5.875996794202365e-05,2,30.000003814697266,30.0000057220459,1269.8741455078125,-0.03304741904139519,-0.0025173979811370373,0.0067836809903383255,129.44451904296875
5.2456,0.6094188690185547,2.908111095428467,-39.588958740234375,-0.5076775550842285,0.1107218936085701,9.807689666748047,0.00024056767870206386,-0.0007176699000410736,-0.0002252258127555251,2,30.000003814697266,30.0000057220459,1269.8740234375,-0.0346607007086277,-0.0016701360000297427,0.006783167831599712,129.46282958984375
5.2458,0.6094188690185547,2.908111095428467,-39.588958740234375,-0.5076775550842285,0.1107218936085701,9.807689666748047,0.00024056767870206386,-0.0007176699000410736,-0.0002252258127555251,2,30.000003814697266,30.0000057220459,1269.8740234375,-0.0346607007086277,-0.0016701360000297427,0.006783167831599712,129.46282958984375
5.2459,0.6095547080039978,2.908298969268799,-39.58479309082031,-0.4632224142551422,0.10935355722904205,9.806808471679688,-0.0004605886060744524,-0.0004700841091107577,0.0003475245030131191,2,30.000003814697266,30.0000057220459,1269.8740234375,-0.03470798209309578,-0.001687730080448091,0.006763303652405739,129.45745849609375
5.2459,0.6093217730522156,2.9080779552459717,-39.57318115234375,-0.530422568321228,0.12679505348205566,9.80221939086914,0.00021212246792856604,0.0008374714525416493,-0.0005720361950807273,2,30.000003814697266,30.0000057220459,1269.8740234375,-0.03426103666424751,-0.002439119853079319,0.006574675906449556,129.41830444335938
5.2461,0.6093331575393677,2.908280849456787,-39.57682800292969,-0.4538961946964264,0.10296645015478134,9.805608749389648,-0.0002745807287283242,0.0005405699484981596,-0.0003130628901999444,2,30.000003814697266,30.0000057220459,1269.8740234375,-0.03429697826504707,-0.002431863220408559,0.006627281196415424,129.44467163085938
5.2461,0.6093217730522156,2.9080779552459717,-39.57318115234375,-0.530422568321228,0.12679505348205566,9.80221939086914,0.00021212246792856604,0.0008374714525416493,-0.0005720361950807273,2,30.000003814697266,30.0000057220459,1269.8740234375,-0.03426103666424751,-0.002439119853079319,0.006574675906449556,129.41830444335938
5.2462,0.6094622611999512,2.90808367729187,-39.56925964355469,-0.5816247463226318,0.13854332268238068,9.8248929977417,-0.0003538281307555735,0.00035671351361088455,0.00020735480939038098,2,30.000003814697266,30.0000057220459,1269.8740234375,-0.034610968083143234,-0.0018856368260458112,0.006644830107688904,129.42628479003906
5.2462,0.610102653503418,2.909003973007202,-39.560882568359375,-0.456098735332489,0.0681721493601799,9.806650161743164,-0.00022780714789405465,-0.0003718713705893606,0.00043582587386481464,2,30.000003814697266,30.0000057220459,1269.8740234375,-0.035494670271873474,-0.001407818403095007,0.006790321785956621,129.43226623535156
5.2462,0.6101915836334229,2.9092512130737305,-39.55706787109375,-0.42762964963912964,0.04650402069091797,9.79876708984375,4.0545295632909983e-05,-6.24944077571854e-05,-0.0003294591442681849,2,30.000003814697266,30.0000057220459,1269.8740234375,-0.035526905208826065,-0.0020878640934824944,0.006704561412334442,129.42864990234375
5.2463,0.6099410653114319,2.9091129302978516,-39.55363464355469,-0.4614594280719757,0.07834529131650925,9.809176445007324,0.0002692780108191073,0.0001764766057021916,-0.0005464485730044544,2,30.000003814697266,30.0000057220459,1269.8740234375,-0.03549521788954735,-0.0027867548633366823,0.006618550047278404,129.42620849609375
5.4469,,,,,,,,,,,,,,,,,
5.4469,0.6092067360877991,2.909111976623535,-39.539581298828125,-0.48294323682785034,0.10101675242185593,9.805686950683594,-0.0004809272359125316,2.544637754908763e-05,-6.008391210343689e-05,2,30.000003814697266,30.0000057220459,1269.8740234375,-0.036327771842479706,-0.0020152360666543245,0.006766726262867451,129.43345642089844
5.447,0.6086302399635315,2.90946102142334,-39.53636169433594,-0.4440726041793823,0.08421938866376877,9.814404487609863,-0.0016750941285863519,0.00015356935909949243,-0.000382006837753579,2,30.000003814697266,30.0000057220459,1269.8740234375,-0.036288581788539886,-0.0022886856459081173,0.0067747426219284534,129.3646697998047
5.4471,0.6076603531837463,2.9095802307128906,-39.53294372558594,-0.4612262547016144,0.10312049835920334,9.794535636901855,-0.0011285782093182206,0.0007150585297495127,-0.0005630747764371336,2,30.000003814697266,30.0000057220459,1269.8740234375,-0.03612570837140083,-0.002669669222086668,0.0067165447399020195,129.3602752685547
5.4471,0.6081474423408508,2.9090793132781982,-39.51158142089844,-0.4752797484397888,0.09774098545312881,9.809038162231445,-0.0006962594343349338,-0.0007190097239799798,-0.0002530452038627118,2,30.000003814697266,30.0000057220459,1269.8740234375,-0.036885373294353485,-0.0016374669503420591,0.007025441620498896,129.3638458251953
5.4472,0.6084573268890381,2.908848762512207,-39.50311279296875,-0.4533831775188446,0.07799249142408371,9.809733390808105,7.979675865499303e-05,9.298689110437408e-05,-3.2879208447411656e-05,2,30.000003814697266,30.0000057220459,1269.8740234375,-0.036844708025455475,-0.002252543345093727,0.006893528625369072,129.3570556640625
5.4472,0.6085480451583862,2.908693313598633,-39.498870849609375,-0.47858867049217224,0.07125449180603027,9.806313514709473,-7.478358020307496e-05,0.0006947643123567104,0.00029383282526396215,2,30.000003814697266,30.0000057220459,1269.8740234375,-0.03690633550286293,-0.002677701413631439,0.006872933823615313,129.35813903808594
5.4473,0.6080958247184753,2.9084460735321045,-39.49119567871094,-0.5136162042617798,0.1059282049536705,9.805238723754883,-0.00020381182548590004,0.0006046562921255827,-2.3420408012952976e-07,2,30.000003814697266,30.0000057220459,1269.8740234375,-0.03727665916085243,-0.003065604018047452,0.00684890802949667,129.4165496826172
5.4473,0.6075366139411926,2.9081764221191406,-39.48518371582031,-0.5033801794052124,0.11161331087350845,9.817241668701172,0.00012956741556990892,-1.3673286048287991e-05,0.00012169524416094646,2,30.000003814697266,30.0000057220459,1269.8740234375,-0.037585724145174026,-0.0028097578324377537,0.006899168714880943,129.41818237304688
5.4474,0.6074914932250977,2.907975435256958,-39.48248291015625,-0.4835735261440277,0.11169145256280899,9.810355186462402,0.000155316898599267,-0.0001953317696461454,5.8683592214947566e-05,2,30.000003814697266,30.0000057220459,1269.8740234375,-0.0376131609082222,-0.0027722392696887255,0.006956954952329397,129.416015625
5.4474,0.6076242923736572,2.9076879024505615,-39.47990417480469,-0.4779781103134155,0.11875765025615692,9.8052978515625,0.0005537617253139615,-4.3477481085574254e-05,0.00029847424593754113,2,30.000003814697266,30.0000057220459,1269.8740234375,-0.03751012310385704,-0.002795126987621188,0.006947931367903948,129.4117889404297
5.648,0.608347475528717,2.9069957733154297,-39.475067138671875,-0.4934287965297699,0.12520535290241241,9.809042930603027,0.0004006649542134255,-7.259984704433009e-05,0.00011132997315144166,2,30.000003814697266,30.0000057220459,1269.8740234375,-0.03722181171178818,-0.002628503367304802,0.006922035478055477,129.4053497314453
5.6481,,,,,,,,,,,,,,,,,
5.6481,0.6102968454360962,2.9070963859558105,-39.46498107910156,-0.4501500129699707,0.09179641306400299,9.800642013549805,0.0008091421914286911,-0.0005735381273552775,0.0001848025422077626,2,30.000003814697266,30.0000057220459,1269.8740234375,-0.038245730102062225,-0.0021975981071591377,0.006857997737824917,129.4772491455078
5.6482,0.6102968454360962,2.9070963859558105,-39.46498107910156,-0.4501500129699707,0.09179641306400299,9.800642013549805,0.0008091421914286911,-0.0005735381273552775,0.0001848025422077626,2,30.000003814697266,30.0000057220459,1269.8740234375,-0.038245730102062225,-0.0021975981071591377,0.006857997737824917,129.4772491455078
5.6483,0.6108677983283997,2.9070401191711426,-39.465179443359375,-0.4761754274368286,0.10116970539093018,9.808544158935547,0.0006246498669497669,5.026907456340268e-05,-0.00048372914898209274,2,30.000003814697266,30.0000057220459,1269.8740234375,-0.0380210280418396,-0.0024697259068489075,0.006797404028475285,129.47398376464844
5.6483,0.6111416816711426,2.9069902896881104,-39.46553039550781,-0.5075368285179138,0.08911998569965363,9.817605972290039,-0.00011677282600430772,0.000126500497572124,-0.0002326255926163867,2,30.000003814697266,30.0000057220459,1269.8740234375,-0.03800871595740318,-0.0025916588492691517,0.006838059984147549,129.4765167236328
5.6484,0.6110603213310242,2.9069900512695312,-39.46575927734375,-0.5160624384880066,0.10754140466451645,9.809842109680176,-0.00011609836656134576,-4.81987081002444e-05,0.00036208124947734177,2,30.000003814697266,30.0000057220459,1269.8740234375,-0.038139503449201584,-0.0025688677560538054,0.006905995775014162,129.39883422851562
5.6484,0.6115773916244507,2.907815933227539,-39.463623046875,-0.5007574558258057,0.0919874906539917,9.80649471282959,0.0002664368657860905,-6.863175076432526e-05,-0.00010939748608507216,2,30.000003814697266,30.0000057220459,1269.8740234375,-0.038717225193977356,-0.0024737268686294556,0.006879220716655254,129.4066619873047
5.6485,0.6115521788597107,2.9081060886383057,-39.462646484375,-0.49386927485466003,0.10001770406961441,9.809272766113281,0.00037994817830622196,-0.00027673423755913973,8.834338223095983e-05,2,30.000003814697266,30.0000057220459,1269.8740234375,-0.03882388398051262,-0.0025502080097794533,0.006880737841129303,129.40626525878906
5.8492,0.6108977794647217,2.9092931747436523,-39.45597839355469,-0.5188475847244263,0.11089598387479782,9.815777778625488,9.859297279035673e-05,-0.00019146855629514903,-0.00020805995154660195,2,30.000003814697266,30.0000057220459,1269.8740234375,-0.0392068512737751,-0.0023720546159893274,0.006790153216570616,129.408447265625
5.8493,0.6108813285827637,2.9096155166625977,-39.454620361328125,-0.4895704388618469,0.09100864082574844,9.79772663116455,0.00016266058082692325,-0.0005141962901689112,4.902461660094559e-05,2,30.000003814697266,30.0000057220459,1269.8740234375,-0.039358485490083694,-0.002324582077562809,0.006788188591599464,129.4728240966797
5.8494,0.6110190153121948,2.909851312637329,-39.45381164550781,-0.4417641758918762,0.07175959646701813,9.79886245727539,0.0008209666702896357,-0.00023699265148025006,-0.0002870041353162378,2,30.000003814697266,30.0000057220459,1269.8740234375,-0.0393255352973938,-0.0026745726354420185,0.0066827465780079365,129.46832275390625
5.8495,0.6109204888343811,2.909918785095215,-39.45335388183594,-0.5199779272079468,0.13237766921520233,9.80935001373291,-0.0005089786718599498,0.0007778111030347645,-0.0004613179771695286,2,30.000003814697266,30.0000057220459,1269.8740234375,-0.03912312164902687,-0.003124333219602704,0.006656914483755827,129.4652099609375
5.8495,0.6110391616821289,2.910292625427246,-39.45289611816406,-0.5315808653831482,0.16311858594417572,9.799125671386719,0.00033674074802547693,-0.0004883025540038943,0.00039344726246781647,2,30.000003814697266,30.0000057220459,1269.8740234375,-0.03905249387025833,-0.0018388954922556877,0.006752530112862587,129.46438598632812
5.8496,0.6133624911308289,2.9101555347442627,-39.45220947265625,-0.45894545316696167,0.05878901109099388,9.810330390930176,-0.0012094964040443301,-0.0007359832525253296,-0.0002606911875773221,2,30.000003814697266,30.0000057220459,1269.8740234375,-0.038486115634441376,-0.0017734011635184288,0.006779796443879604,129.4537811279297
5.8497,0.6130446791648865,2.9104113578796387,-39.45220947265625,-0.461570680141449,0.08904117345809937,9.790082931518555,-0.0006858427659608424,-0.0007619185489602387,-0.00018760743841994554,2,30.000003814697266,30.0000057220459,1269.8740234375,-0.03859155997633934,-0.001328154350630939,0.006867015268653631,129.45433044433594
5.8497,0.6133056879043579,2.909771203994751,-39.452392578125,-0.5029885768890381,0.05826534703373909,9.788748741149902,-0.0004422358761075884,-0.00010859352187253535,-0.0002704512735363096,2,30.000003814697266,30.0000057220459,1269.8740234375,-0.03862903267145157,-0.0022225608117878437,0.006688319146633148,129.459716796875
5.8498,0.6133278012275696,2.909635305404663,-39.45263671875,-0.48748350143432617,0.07488055527210236,9.7981595993042,0.0006957535515539348,-7.954202010296285e-05,0.00013642710109706968,2,30.000003814697266,30.0000057220459,1269.8740234375,-0.038856446743011475,-0.0025406875647604465,0.006536578759551048,129.3682861328125
5.8498,0.6135854721069336,2.9096221923828125,-39.45225524902344,-0.4702308773994446,0.07604069262742996,9.804149627685547,0.0009552353294566274,0.0005644527263939381,-4.0694227209314704e-05,2,30.000003814697266,30.0000057220459,1269.8740234375,-0.03892768919467926,-0.0029059220105409622,0.006455163471400738,129.36752319335938
5.8499,0.6138045191764832,2.909437894821167,-39.450469970703125,-0.5013155341148376,0.12585803866386414,9.819046974182129,0.0011853318428620696,0.00046393004595302045,-5.214603879721835e-05,2,30.000003814697266,30.0000057220459,1269.8740234375,-0.038950756192207336,-0.003107593394815922,0.006511450745165348,129.36622619628906
5.8499,0.6145040988922119,2.909315824508667,-39.44700622558594,-0.4793955683708191,0.11996050924062729,9.799942970275879,0.0007219465915113688,0.0004207488673273474,0.0004418858152348548,2,30.000003814697266,30.0000057220459,1269.8740234375,-0.03870241343975067,-0.002732189605012536,0.006604666821658611,129.35865783691406
6.051,0.6163808703422546,2.908562421798706,-39.44038391113281,-0.5055832862854004,0.13375984132289886,9.828800201416016,0.0007832882693037391,-7.628036109963432e-05,3.45790758728981e-05,2,30.000003814697266,30.0000057220459,1269.8740234375,-0.038676369935274124,-0.0025463683996349573,0.006565747316926718,129.35690307617188
6.0511,0.6178992986679077,2.9082117080688477,-39.433746337890625,-0.4987596869468689,0.09768882393836975,9.800615310668945,-0.00021855586965102702,0.00025195861235260963,-0.0005135577521286905,2,30.000003814697266,30.0000057220459,1269.8740234375,-0.03866569325327873,-0.0025250946637243032,0.0066232397221028805,129.39620971679688
6.0513,0.6184878349304199,2.908008098602295,-39.432159423828125,-0.49627798795700073,0.10035745799541473,9.815055847167969,0.0014217122225090861,2.843166294042021e-05,-0.00014693224511574954,2,30.000003814697266,30.0000057220459,1269.8740234375,-0.03877211734652519,-0.0025826457422226667,0.006608409341424704,129.39732360839844
6.0513,0.6190500259399414,2.9078447818756104,-39.430694580078125,-0.49425166845321655,0.09780678898096085,9.804859161376953,-0.000318178121233359,0.0002930744376499206,-6.296501669567078e-05,2,30.000003814697266,30.0000057220459,1269.8740234375,-0.03885233774781227,-0.002646366134285927,0.006630029063671827,129.3976593017578
6.0514,0.6193124055862427,2.9073567390441895,-39.428009033203125,-0.49027755856513977,0.09160260856151581,9.798956871032715,0.0010131205199286342,0.00029715581331402063,0.00014538937830366194,2,30.000003814697266,30.0000057220459,1269.8740234375,-0.03892572596669197,-0.002915970515459776,0.006450333632528782,129.39805603027344
6.0514,0.6200330257415771,2.90716814994812,-39.426849365234375,-0.507774293422699,0.11290871351957321,9.810844421386719,0.0017647326458245516,0.0003397885011509061,5.3922052757116035e-05,2,30.000003814697266,30.0000057220459,1269.8740234375,-0.03898470476269722,-0.002963045844808221,0.00641004741191864,129.39849853515625
6.0515,0.6207661032676697,2.907116174697876,-39.425872802734375,-0.5551484823226929,0.14173997938632965,9.815045356750488,0.0007472566794604063,0.0004888733965344727,-0.00023803356452845037,2,30.000003814697266,30.0000057220459,1269.8740234375,-0.03911900147795677,-0.00262347050011158,0.006471725180745125,129.40234375
6.0515,0.621454656124115,2.9079973697662354,-39.422607421875,-0.45626261830329895,0.1070394441485405,9.805937767028809,-0.0006827086326666176,-0.0004359114682301879,0.0004954442847520113,2,30.000003814697266,30.0000057220459,1269.8739013671875,-0.03930973261594772,-0.0014745417283847928,0.006658842787146568,129.3662872314453
6.0516,0.621953547000885,2.908125162124634,-39.42143249511719,-0.4470535218715668,0.08912738412618637,9.803832054138184,6.31881266599521e-05,-0.0001479641068726778,-9.465128096053377e-05,2,30.000003814697266,30.0000057220459,1269.8739013671875,-0.03905237093567848,-0.0017932195914909244,0.006600819528102875,129.36138916015625
6.0516,0.6225758194923401,2.908071279525757,-39.42030334472656,-0.48223409056663513,0.09603796899318695,9.804738998413086,0.00032375985756516457,0.0003470936499070376,-0.00032933574402704835,2,30.000003814697266,30.0000057220459,1269.8739013671875,-0.03890657052397728,-0.00211421400308609,0.006545050069689751,129.36029052734375
6.0517,0.6230992674827576,2.9079904556274414,-39.41908264160156,-0.501649022102356,0.10300423204898834,9.817506790161133,0.000162080570589751,0.0002000426029553637,-1.143967529060319e-05,2,30.000003814697266,30.0000057220459,1269.8739013671875,-0.03892863541841507,-0.0022261980921030045,0.006565787363797426,129.36148071289062
6.0517,0.6234848499298096,2.9079954624176025,-39.41770935058594,-0.5018724203109741,0.10127227753400803,9.810527801513672,3.412264049984515e-05,0.00043057065340690315,0.00012875362881459296,2,30.000003814697266,30.0000057220459,1269.8739013671875,-0.039026033133268356,-0.002233754610642791,0.00662925373762846,129.3629150390625
6.0518,0.623844563961029,2.9080417156219482,-39.416168212890625,-0.48945683240890503,0.08074082434177399,9.804060935974121,0.00022387791250366718,0.00010378334991401061,0.0004536629712674767,2,30.000003814697266,30.0000057220459,1269.8739013671875,-0.03915995731949806,-0.002344544045627117,0.006625006906688213,129.3649139404297
6.0518,,,,,,,,,,,,,,,,,
6.2525,0.625434935092926,2.907104253768921,-39.40849304199219,-0.4854532480239868,0.10863299667835236,9.811296463012695,7.583684055134654e-05,0.0005359089118428528,-0.00017586880130693316,2,30.000003814697266,30.0000057220459,1269.8739013671875,-0.03941662609577179,-0.003170302137732506,0.006429925560951233,129.3154754638672
6.2526,0.6251247525215149,2.9069530963897705,-39.40693664550781,-0.501971960067749,0.11989353597164154,9.817893028259277,-0.0005197516293264925,0.00041139149107038975,-8.168139902409166e-05,2,30.000003814697266,30.0000057220459,1269.8739013671875,-0.039379168301820755,-0.003164685098454356,0.006484911311417818,129.3147735595703
6.2527,0.624790608882904,2.906741142272949,-39.40301513671875,-0.5084927082061768,0.136787548661232,9.812819480895996,-9.654967288952321e-05,-2.0842817320954055e-05,1.161059299192857e-05,2,30.000003814697266,30.0000057220459,1269.8739013671875,-0.039418675005435944,-0.0024849730543792248,0.006659130100160837,129.31422424316406
6.2529,0.6251887679100037,2.9066896438598633,-39.400665283203125,-0.5052749514579773,0.12168870866298676,9.798395156860352,-5.155357939656824e-05,-6.988614040892571e-05,0.0002622464671730995,2,30.000003814697266,30.0000057220459,1269.8739013671875,-0.03941841050982475,-0.002228800905868411,0.0066427746787667274,129.3141632080078
6.253,0.6258814334869385,2.9067609310150146,-39.39579772949219,-0.4790158271789551,0.08558914810419083,9.799607276916504,-0.00023393912124447525,0.00013426777150016278,-0.00014810737047810107,2,30.000003814697266,30.0000057220459,1269.8739013671875,-0.03965248912572861,-0.002282916335389018,0.0065691182389855385,129.3155975341797
6.253,0.6265212893486023,2.9064743518829346,-39.39155578613281,-0.5088228583335876,0.07989559322595596,9.801733016967773,0.0011304698418825865,-0.0005043643759563565,-0.0001586980652064085,2,30.000003814697266,30.0000057220459,1269.8739013671875,-0.04020685702562332,-0.002734184032306075,0.006478165276348591,129.32496643066406
6.2531,0.6268554329872131,2.9063894748687744,-39.38966369628906,-0.49659353494644165,0.0941157266497612,9.811095237731934,0.0010180341778323054,-0.0002160698059014976,-0.00016143123502843082,2,30.000003814697266,30.0000057220459,1269.8739013671875,-0.04047291725873947,-0.002870527794584632,0.006457802373915911,129.3263397216797
6.2531,0.6266464591026306,2.906683921813965,-39.386444091796875,-0.49422919750213623,0.10859102010726929,9.814565658569336,-9.487247007200494e-05,0.00043575832387432456,-6.460050644818693e-05,2,30.000003814697266,30.0000057220459,1269.8739013671875,-0.0405290462076664,-0.003036081325262785,0.006448209751397371,129.361572265625
6.2533,0.626165509223938,2.90689754486084,-39.38511657714844,-0.4951806366443634,0.12120041996240616,9.814114570617676,-0.0005425605340860784,0.000321651081321761,-0.00011163503222633153,2,30.000003814697266,30.0000057220459,1269.8739013671875,-0.04050799831748009,-0.0030091269873082638,0.006517273373901844,129.36004638671875
6.2533,0.6258159279823303,2.906968116760254,-39.3839111328125,-0.5019042491912842,0.1337219625711441,9.810002326965332,3.606923564802855e-05,-0.00012088201037840918,1.8506189007894136e-05,2,30.000003814697266,30.0000057220459,1269.8739013671875,-0.040426384657621384,-0.0028571756556630135,0.006564117036759853,129.35806274414062
6.4539,,,,,,,,,,,,,,,,,
6.454,0.6265458464622498,2.9075186252593994,-39.37702941894531,-0.48821789026260376,0.11103688180446625,9.810699462890625,0.0003459463769104332,-0.0003606480313464999,0.0006339014507830143,2,30.000003814697266,30.0000057220459,1269.8739013671875,-0.040439918637275696,-0.0023576722014695406,0.006719920318573713,129.44467163085938
6.4541,0.6269782185554504,2.9073240756988525,-39.37669372558594,-0.48362794518470764,0.07829215377569199,9.804438591003418,0.00010277343244524673,-0.0006673407624475658,0.00021876205573789775,2,30.000003814697266,30.0000057220459,1269.8739013671875,-0.04043950140476227,-0.0025022695772349834,0.006712664384394884,129.4456787109375
6.4542,0.6275087594985962,2.906497001647949,-39.379852294921875,-0.5157639384269714,0.08069982379674911,9.796738624572754,0.0009055901900865138,-0.0004995016497559845,-0.00034304478322155774,2,30.000003814697266,30.0000057220459,1269.8739013671875,-0.04089674726128578,-0.002973973983898759,0.006643518805503845,129.45619201660156
6.4543,0.6271718144416809,2.9071099758148193,-39.383331298828125,-0.47655612230300903,0.10719209164381027,9.804488182067871,-0.00030359000083990395,0.0009132950217463076,-0.00030156763386912644,2,30.000003814697266,30.0000057220459,1269.8739013671875,-0.04094431921839714,-0.0031268196180462837,0.006540285889059305,129.45285034179688
6.4543,0.6265471577644348,2.9076077938079834,-39.38523864746094,-0.4876934885978699,0.11393946409225464,9.813603401184082,-0.0003641270741354674,0.000713244779035449,-0.00029613266815431416,2,30.000003814697266,30.0000057220459,1269.8739013671875,-0.040753014385700226,-0.0032079527154564857,0.006533786188811064,129.4512939453125
6.4544,0.6259868144989014,2.9079041481018066,-39.38714599609375,-0.502486526966095,0.1344079226255417,9.813556671142578,-0.00022180362429935485,0.0003733964986167848,-0.0002511803759261966,2,30.000003814697266,30.0000057220459,1269.8739013671875,-0.04057133570313454,-0.0031147990375757217,0.006581977941095829,129.44955444335938
6.4544,0.6263192296028137,2.9078590869903564,-39.39154052734375,-0.5001048445701599,0.09150014817714691,9.796653747558594,0.00012639231863431633,-0.0008949219482019544,9.416999091627076e-05,2,30.000003814697266,30.0000057220459,1269.8739013671875,-0.04048808291554451,-0.002532463986426592,0.006688097957521677,129.3900604248047
6.4545,0.6263302564620972,2.9077248573303223,-39.392486572265625,-0.5056699514389038,0.10416927933692932,9.8158540725708,-0.00024059208226390183,-0.0005652297986671329,-0.00013798882719129324,2,30.000003814697266,30.0000057220459,1269.8739013671875,-0.04055974632501602,-0.002576444996520877,0.006671656388789415,129.39111328125
6.4545,0.6262769103050232,2.9077742099761963,-39.393280029296875,-0.5180695056915283,0.12577404081821442,9.79973316192627,0.0001637050008866936,-0.00046433627721853554,-0.00011855574121000245,2,30.000003814697266,30.0000057220459,1269.8739013671875,-0.0406019352376461,-0.0024409035686403513,0.006673750001937151,129.39169311523438
6.4545,0.626624345779419,2.907700300216675,-39.3936767578125,-0.5135089755058289,0.11219242960214615,9.819869995117188,0.0006682727253064513,-0.0015847156755626202,0.0005441663670353591,2,30.000003814697266,30.0000057220459,1269.8739013671875,-0.04066432639956474,-0.0022237368393689394,0.006697108503431082,129.39306640625
6.4546,0.6272683143615723,2.9071903228759766,-39.39373779296875,-0.4770011603832245,0.1058783233165741,9.807188987731934,0.0010376409627497196,-0.002392498077824712,0.0007257206598296762,2,30.000003814697266,30.0000057220459,1269.8739013671875,-0.04065355658531189,-0.0022061828058212996,0.0067483410239219666,129.3899383544922
6.6553,0.6281856894493103,2.9062304496765137,-39.39373779296875,-0.4866803288459778,0.1278575360774994,9.81201457977295,0.001659268164075911,-0.0024677282199263573,0.0004020774504169822,2,30.000003814697266,30.0000057220459,1269.8739013671875,-0.04047783836722374,-0.0022350288927555084,0.00675542838871479,129.38485717773438
6.6554,0.6321230530738831,2.9020845890045166,-39.391815185546875,-0.485317200422287,0.09463486820459366,9.803071975708008,0.00044637665268965065,-0.001677200896665454,0.000697218463756144,2,30.000003814697266,30.0000057220459,1269.8740234375,-0.04031205177307129,-0.0013826783979311585,0.0068334247916936874,129.33636474609375
6.6554,0.6336413621902466,2.901078939437866,-39.389923095703125,-0.5082005262374878,0.09200391173362732,9.819380760192871,0.00028356866096146405,-0.0012272049207240343,0.0003442894376348704,2,30.000003814697266,30.0000057220459,1269.8740234375,-0.0404219925403595,-0.0017353525618091226,0.006811240222305059,129.3375244140625
6.6555,0.6341162919998169,2.90065336227417,-39.38880920410156,-0.5004662871360779,0.10694548487663269,9.799619674682617,0.0005093957297503948,-0.0016303141601383686,0.00048729460104368627,2,30.000003814697266,30.0000057220459,1269.8740234375,-0.0405757911503315,-0.0017317006131634116,0.00683116540312767,129.33775329589844
6.6555,0.6346403360366821,2.899559259414673,-39.38592529296875,-0.525191605091095,0.1426771730184555,9.798898696899414,-8.590002107666805e-05,-0.0017035237979143858,0.0004500165523495525,2,30.000003814697266,30.0000057220459,1269.8740234375,-0.040620725601911545,-0.0017114451620727777,0.0068089719861745834,129.3353271484375
6.6556,0.6355076432228088,2.898895502090454,-39.38233947753906,-0.44195303320884705,0.0945419892668724,9.79936695098877,1.789692214515526e-05,-0.0011439186055213213,0.0006063312757760286,2,30.000003814697266,30.0000057220459,1269.8740234375,-0.04037580266594887,-0.0012511936947703362,0.006620137952268124,129.3258056640625
6.6557,0.6360771059989929,2.8984429836273193,-39.380706787109375,-0.42157965898513794,0.08112365752458572,9.808162689208984,0.00027477723779156804,-0.0005453491467051208,3.233184907003306e-05,2,30.000003814697266,30.0000057220459,1269.8740234375,-0.04005102813243866,-0.0017590007046237588,0.006541539449244738,129.31808471679688
6.6558,0.6366184949874878,2.8977725505828857,-39.379302978515625,-0.46617573499679565,0.0633830726146698,9.795706748962402,0.0008062319247983396,7.177196675911546e-05,-0.00044616105151362717,2,30.000003814697266,30.0000057220459,1269.8740234375,-0.03989024832844734,-0.0023674611002206802,0.0064511485397815704,129.3180694580078
6.6558,0.637008786201477,2.8971915245056152,-39.37806701660156,-0.524642288684845,0.07563819736242294,9.79926872253418,0.0010426340159028769,0.0005771340220235288,-0.0004229769401717931,2,30.000003814697266,30.0000057220459,1269.8740234375,-0.04014623910188675,-0.0027078427374362946,0.006328606978058815,129.42042541503906
6.6559,0.6363643407821655,2.896824598312378,-39.37721252441406,-0.5095961689949036,0.10793639719486237,9.810901641845703,-0.0006024301401339471,-0.00012736536154989153,0.0004204160941299051,2,30.000003814697266,30.0000057220459,1269.8740234375,-0.04080123081803322,-0.0025729394983500242,0.006400848273187876,129.42938232421875
6.6559,0.6355937719345093,2.896759033203125,-39.377410888671875,-0.48531100153923035,0.10791593044996262,9.801620483398438,-0.0006215462344698608,3.961796210205648e-06,-6.480177398771048e-05,2,30.000003814697266,30.0000057220459,1269.8740234375,-0.04083201661705971,-0.0025418009608983994,0.006383618339896202,129.42832946777344
6.656,0.6349824070930481,2.8966639041900635,-39.37811279296875,-0.4760432839393616,0.10743121802806854,9.80550479888916,-4.2314117308706045e-05,-1.0498092706257012e-05,-0.00045499918633140624,2,30.000003814697266,30.0000057220459,1269.8740234375,-0.040722642093896866,-0.002630196511745453,0.006331134121865034,129.42637634277344
6.656,,,,,,,,,,,,,,,,,
6.8566,0.6341016292572021,2.8957064151763916,-39.38325500488281,-0.5041643977165222,0.11291465163230896,9.820127487182617,-0.00020704996131826192,0.00021875528909731656,-0.0001117797801271081,2,30.000003814697266,30.0000057220459,1269.8740234375,-0.040450241416692734,-0.0028049361426383257,0.00642569363117218,129.4263916015625
6.8567,0.6336238980293274,2.8955459594726562,-39.38444519042969,-0.49708402156829834,0.11076230555772781,9.809759140014648,-0.00034026213688775897,-0.0002946419990621507,-0.00013535386824514717,2,30.000003814697266,30.0000057220459,1269.8740234375,-0.04043838009238243,-0.002743641845881939,0.006502456031739712,129.39126586914062
6.8567,0.6333527565002441,2.895270824432373,-39.385406494140625,-0.5061485171318054,0.11507630348205566,9.809721946716309,0.000509707722812891,-0.0002523850416764617,-6.084152846597135e-05,2,30.000003814697266,30.0000057220459,1269.8740234375,-0.040427856147289276,-0.0026638060808181763,0.006529650650918484,129.39205932617188
6.8568,0.6333890557289124,2.8950555324554443,-39.38609313964844,-0.48196080327033997,0.11460470408201218,9.804071426391602,0.00039482215652242303,-0.00037828157655894756,0.00020260392921045423,2,30.000003814697266,30.0000057220459,1269.8740234375,-0.04036714881658554,-0.002598946914076805,0.0065169865265488625,129.38980102539062
6.8569,0.633235514163971,2.8945188522338867,-39.38691711425781,-0.48479676246643066,0.11287097632884979,9.81470775604248,-0.00037480195169337094,-0.00025775114772841334,9.249200229533017e-05,2,30.000003814697266,30.0000057220459,1269.8740234375,-0.04001697152853012,-0.0025956302415579557,0.006542146671563387,129.3842315673828
6.857,0.6327765583992004,2.893908739089966,-39.38726806640625,-0.5066612958908081,0.11850794404745102,9.802742004394531,-0.0003309192543383688,-0.00031408891663886607,0.0002985685132443905,2,30.000003814697266,30.0000057220459,1269.8740234375,-0.03998376056551933,-0.0024221669882535934,0.006605367176234722,129.38616943359375
6.857,0.6312806010246277,2.892974615097046,-39.387115478515625,-0.4888734519481659,0.08290433138608932,9.814362525939941,0.0004487504484131932,-0.00017349992413073778,2.4309434593305923e-05,2,30.000003814697266,30.0000057220459,1269.8740234375,-0.04018349200487137,-0.00272066006436944,0.006297661457210779,129.5162353515625
6.8571,0.6314636468887329,2.8931686878204346,-39.38702392578125,-0.4889761805534363,0.09129040688276291,9.796194076538086,-0.0003914573753718287,-7.04153353581205e-05,0.00015968047955539078,2,30.000003814697266,30.0000057220459,1269.8740234375,-0.04010015353560448,-0.00252800015732646,0.006342373322695494,129.38922119140625
6.8571,0.6312806010246277,2.892974615097046,-39.387115478515625,-0.4888734519481659,0.08290433138608932,9.814362525939941,0.0004487504484131932,-0.00017349992413073778,2.4309434593305923e-05,2,30.000003814697266,30.0000057220459,1269.8740234375,-0.04018349200487137,-0.00272066006436944,0.006297661457210779,129.5162353515625
6.8572,0.6306328773498535,2.892763137817383,-39.3897705078125,-0.5245171189308167,0.12488605082035065,9.80783748626709,-0.00041149661410599947,-8.706975677341688e-06,0.00022414307750295848,2,30.000003814697266,30.0000057220459,1269.8740234375,-0.04026523977518082,-0.00272377859801054,0.006281442008912563,129.51904296875
6.8572,0.6301807165145874,2.8927974700927734,-39.39186096191406,-0.5277154445648193,0.1257605254650116,9.80673885345459,-0.0003826587344519794,-0.000228430304559879,0.00018183905922342092,2,30.000003814697266,30.0000057220459,1269.8740234375,-0.04032519832253456,-0.0023877136409282684,0.00629498390480876,129.52203369140625
6.8573,,,,,,,,,,,,,,,,,
7.058,0.6318337321281433,2.892937421798706,-39.40507507324219,-0.4831405580043793,0.07754828035831451,9.806228637695312,0.00023198469716589898,-0.0003561734629329294,0.0003637897316366434,2,30.000003814697266,30.0000057220459,1269.8740234375,-0.03942995145916939,-0.002216976834461093,0.006150989327579737,129.51287841796875
7.0582,0.6319364905357361,2.892707347869873,-39.40785217285156,-0.4992637038230896,0.08219007402658463,9.811092376708984,0.00042353395838290453,-4.048043774673715e-05,0.0006622740183956921,2,30.000003814697266,30.0000057220459,1269.8740234375,-0.039469242095947266,-0.0024576892610639334,0.006144300568848848,129.51600646972656
7.0583,0.6318796873092651,2.892642021179199,-39.410797119140625,-0.5155198574066162,0.0760127604007721,9.79957389831543,0.0005191072705201805,0.0001340613089269027,1.7890700974021456e-06,2,30.000003814697266,30.0000057220459,1269.8740234375,-0.0396423414349556,-0.002600701292976737,0.006118853110820055,129.5188446044922
7.0583,0.6319108009338379,2.8927862644195557,-39.41401672363281,-0.5059766173362732,0.10310959070920944,9.817031860351562,0.0015917300479486585,2.8678043236141093e-05,-0.00013399416639003903,2,30.000003814697266,30.0000057220459,1269.8740234375,-0.039796825498342514,-0.002644043182954192,0.00612569460645318,129.52120971679688
7.0584,0.6318920850753784,2.8929033279418945,-39.41722106933594,-0.5071059465408325,0.12972478568553925,9.815702438354492,0.00015476788394153118,-0.0002577985869720578,6.191186457726872e-06,2,30.000003814697266,30.0000057220459,1269.8740234375,-0.03975974768400192,-0.0025124906096607447,0.006219157017767429,129.5201873779297
7.0584,0.6314875483512878,2.8932883739471436,-39.4229736328125,-0.45132359862327576,0.11023426800966263,9.80378532409668,5.7353598094778135e-05,-0.00020049790327902883,-9.867157132248394e-06,2,30.000003814697266,30.0000057220459,1269.8740234375,-0.039091553539037704,-0.0023460236843675375,0.0060226512141525745,129.50831604003906
7.0585,0.6314854621887207,2.8927128314971924,-39.428497314453125,-0.5129708051681519,0.10851573944091797,9.80070686340332,0.0003754142962861806,-2.1193003703956492e-05,-0.00038476823829114437,2,30.000003814697266,30.0000057220459,1269.8740234375,-0.038556184619665146,-0.002590067684650421,0.005955221597105265,129.50677490234375
7.0585,0.631544828414917,2.8925058841705322,-39.43110656738281,-0.5265018939971924,0.11111977696418762,9.799057960510254,0.00012499187141656876,0.00021236378233879805,-2.775490065687336e-05,2,30.000003814697266,30.0000057220459,1269.8740234375,-0.0386442169547081,-0.0024218419566750526,0.0058786761946976185,129.51084899902344
7.0585,0.6316608190536499,2.8925483226776123,-39.433441162109375,-0.5137279033660889,0.10579202324151993,9.81785774230957,0.00033373950282111764,-7.05201891832985e-05,0.0005509672919288278,2,30.000003814697266,30.0000057220459,1269.8740234375,-0.03876560553908348,-0.0022274393122643232,0.005893556866794825,129.51416015625
7.0586,0.6315860152244568,2.8934214115142822,-39.440765380859375,-0.446897953748703,0.07885270565748215,9.800148963928223,0.000815566920209676,0.0014751226408407092,-0.0007810996612533927,2,30.000003814697266,30.0000057220459,1269.8740234375,-0.038569893687963486,-0.0031487804371863604,0.005629804451018572,129.4990234375
7.0586,0.6317319273948669,2.8930866718292236,-39.4381103515625,-0.4645680785179138,0.06496523320674896,9.792488098144531,0.0005898387753404677,0.0004952916060574353,-0.0001335824781563133,2,30.000003814697266,30.0000057220459,1269.8740234375,-0.03870853781700134,-0.0026447102427482605,0.005779366008937359,129.51419067382812
7.0587,0.6315860152244568,2.8934214115142822,-39.440765380859375,-0.446897953748703,0.07885270565748215,9.800148963928223,0.000815566920209676,0.0014751226408407092,-0.0007810996612533927,2,30.000003814697266,30.0000057220459,1269.8740234375,-0.038569893687963486,-0.0031487804371863604,0.005629804451018572,129.4990234375
7.0587,0.631049633026123,2.8950347900390625,-39.44868469238281,-0.4849036931991577,0.1101701632142067,9.800731658935547,0.0011461048852652311,0.003030773950740695,-0.0015415273373946548,2,30.000003814697266,30.0000057220459,1269.8740234375,-0.03800823912024498,-0.004034771583974361,0.005429915618151426,129.49513244628906
7.0588,0.6312388777732849,2.894324541091919,-39.446075439453125,-0.47152581810951233,0.09309247136116028,9.802696228027344,0.0013084074016660452,0.0026048803701996803,-0.0009726263233460486,2,30.000003814697266,30.0000057220459,1269.8740234375,-0.03816775605082512,-0.003860409837216139,0.005501432344317436,129.49574279785156
7.0588,0.631049633026123,2.8950347900390625,-39.44868469238281,-0.4849036931991577,0.1101701632142067,9.800731658935547,0.0011461048852652311,0.003030773950740695,-0.0015415273373946548,2,30.000003814697266,30.0000057220459,1269.8740234375,-0.03800823912024498,-0.004034771583974361,0.005429915618151426,129.49513244628906
7.0589,,,,,,,,,,,,,,,,,
7.2593,0.6337165236473083,2.9007110595703125,-39.459136962890625,-0.5317359566688538,0.13003304600715637,9.811800003051758,0.0009098017471842468,-0.00023543414135929197,0.000583632558118552,2,30.000003814697266,30.0000057220459,1269.8740234375,-0.037651680409908295,-0.001318812952376902,0.005687095690518618,129.50257873535156
7.2594,0.6337165236473083,2.9007110595703125,-39.459136962890625,-0.5317359566688538,0.13003304600715637,9.811800003051758,0.0009098017471842468,-0.00023543414135929197,0.000583632558118552,2,30.000003814697266,30.0000057220459,1269.8740234375,-0.037651680409908295,-0.001318812952376902,0.005687095690518618,129.50257873535156
7.2595,0.6398877501487732,2.9031283855438232,-39.46553039550781,-0.4882805049419403,0.10994826257228851,9.801051139831543,0.0006056604906916618,0.0010497072944417596,-4.7991092287702486e-05,2,30.000003814697266,30.0000057220459,1269.8740234375,-0.037423018366098404,-0.00209503760561347,0.005646253935992718,129.5173797607422
7.2596,0.6402762532234192,2.903773307800293,-39.467132568359375,-0.4925439655780792,0.12255267053842545,9.811210632324219,0.0004327320493757725,0.001494944328442216,-3.626570469350554e-05,2,30.000003814697266,30.0000057220459,1269.8740234375,-0.03728291764855385,-0.002070584800094366,0.005627176724374294,129.51609802246094
7.2596,0.6405492424964905,2.9055511951446533,-39.47039794921875,-0.4914408326148987,0.11732415109872818,9.807748794555664,-0.000497856643050909,0.001910006394609809,-0.0006190402782522142,2,30.000003814697266,30.0000057220459,1269.8740234375,-0.03702826052904129,-0.0020828191190958023,0.005660138092935085,129.51539611816406
7.2598,0.6402561068534851,2.9064836502075195,-39.47200012207031,-0.5163893699645996,0.12421870976686478,9.812397003173828,-0.0012455674586817622,0.001934098661877215,-0.00022839748999103904,2,30.000003814697266,30.0000057220459,1269.8740234375,-0.03695668652653694,-0.001955723622813821,0.00567781925201416,129.517333984375
7.2598,0.6399129033088684,2.90744686126709,-39.47344970703125,-0.5206867456436157,0.12154769152402878,9.817970275878906,-0.0009516083518974483,0.0014284183271229267,-0.0001325505436398089,2,30.000003814697266,30.0000057220459,1269.8740234375,-0.03697912022471428,-0.0017158605623990297,0.00576009089127183,129.52084350585938
7.2598,0.6396483182907104,2.908339738845825,-39.47471618652344,-0.5109831094741821,0.12255656719207764,9.817620277404785,-0.0012363599380478263,0.0010391011601313949,0.000377827585907653,2,30.000003814697266,30.0000057220459,1269.8740234375,-0.03700405731797218,-0.0014722062041983008,0.005875050090253353,129.467529296875
7.2599,0.6393857598304749,2.909212827682495,-39.47541809082031,-0.4824134409427643,0.1140630692243576,9.812905311584473,-0.0013110797153785825,0.0009425467578694224,0.0004758926515933126,2,30.000003814697266,30.0000057220459,1269.8740234375,-0.03692099452018738,-0.0013638593954965472,0.005950254388153553,129.4661407470703
7.2599,0.6392631530761719,2.909879207611084,-39.475860595703125,-0.4908897876739502,0.10410040616989136,9.80603313446045,-0.0005586516344919801,0.0006971179391257465,0.00011940295371459797,2,30.000003814697266,30.0000057220459,1269.8740234375,-0.036800567060709,-0.0014224115293473005,0.005956227891147137,129.4661102294922
7.2599,0.6394532918930054,2.9102883338928223,-39.47621154785156,-0.5110716819763184,0.11890608072280884,9.806553840637207,8.019892447919119e-06,0.00037108155083842576,-3.21414991049096e-05,2,30.000003814697266,30.0000057220459,1269.8740234375,-0.036785852164030075,-0.0013852708507329226,0.005947232246398926,129.4679718017578
7.4605,0.6425384879112244,2.9121580123901367,-39.476348876953125,-0.48760631680488586,0.0777897983789444,9.807708740234375,0.0007408069795928895,0.0004402577760629356,-0.00019457896996755153,2,30.000003814697266,30.0000057220459,1269.8740234375,-0.036861881613731384,-0.0013209690805524588,0.0059363399632275105,129.470703125
7.4606,0.6430502533912659,2.9126288890838623,-39.47654724121094,-0.4945511817932129,0.09351348131895065,9.807727813720703,0.0008867807337082922,0.000840976950712502,-0.0005326865357346833,2,30.000003814697266,30.0000057220459,1269.8740234375,-0.03696836158633232,-0.0015563477063551545,0.005931247025728226,129.4720916748047
7.4607,0.6436793804168701,2.9136130809783936,-39.47688293457031,-0.4966796636581421,0.11087816953659058,9.810635566711426,0.0006526145152747631,0.0004982235259376466,-8.876512583810836e-05,2,30.000003814697266,30.0000057220459,1269.8740234375,-0.037166740745306015,-0.001481754006817937,0.0059440769255161285,129.4059600830078
7.4607,0.6437775492668152,2.914024591445923,-39.47645568847656,-0.5000025629997253,0.13889992237091064,9.805755615234375,-0.0001113645193981938,0.0001458735641790554,-8.055467333178967e-05,2,30.000003814697266,30.0000057220459,1269.8740234375,-0.037112437188625336,-0.0013608814915642142,0.005949865560978651,129.4033660888672
7.4608,0.6436817049980164,2.9145610332489014,-39.47442626953125,-0.4822219908237457,0.13021491467952728,9.806513786315918,-0.000804666371550411,0.00017423742974642664,-0.0002612464886624366,2,30.000003814697266,30.0000057220459,1269.8740234375,-0.03677353635430336,-0.0010826593497768044,0.006003930699080229,129.3957977294922
7.4608,0.6436471343040466,2.914623737335205,-39.47296142578125,-0.4996379315853119,0.12102244794368744,9.80323600769043,-0.0008974738302640617,-5.675497232005e-05,-7.269316120073199e-05,2,30.000003814697266,30.0000057220459,1269.8740234375,-0.036649610847234726,-0.0009878898272290826,0.005980305373668671,129.39515686035156
7.4608,0.6436586380004883,2.914630651473999,-39.47123718261719,-0.5090917348861694,0.09441129118204117,9.812707901000977,-0.000848538416903466,6.752498302375898e-05,-5.474790214066161e-06,2,30.000003814697266,30.0000057220459,1269.8740234375,-0.036743659526109695,-0.0009311543544754386,0.005977276712656021,129.39846801757812
7.4609,0.6434075236320496,2.914799928665161,-39.46949768066406,-0.49381527304649353,0.07436970621347427,9.817509651184082,-0.0014093247009441257,0.00020876141206827015,-0.00010024043149314821,2,30.000003814697266,30.0000057220459,1269.8740234375,-0.03697390481829643,-0.0010853129206225276,0.00604573730379343,129.4021759033203
7.4609,0.642694890499115,2.914898157119751,-39.46778869628906,-0.517745852470398,0.09753395617008209,9.809686660766602,-0.0013038901379331946,-0.0001252385845873505,0.00010764444596134126,2,30.000003814697266,30.0000057220459,1269.8740234375,-0.03723766654729843,-0.0012370238546282053,0.006107068154960871,129.4066925048828
7.461,0.6428472399711609,2.915299892425537,-39.46418762207031,-0.4714471697807312,0.13500086963176727,9.817564964294434,0.0005325578385964036,0.000394236296415329,0.0005072669009678066,2,30.000003814697266,30.0000057220459,1269.8740234375,-0.03720716014504433,-0.0008168760105036199,0.0060741412453353405,129.39955139160156
7.461,0.644185483455658,2.915634870529175,-39.46101379394531,-0.4569090008735657,0.12292764335870743,9.808467864990234,0.0006710809539072216,0.000541487883310765,-5.6510714784963056e-05,2,30.000003814697266,30.0000057220459,1269.8740234375,-0.03637053817510605,-0.0011626684572547674,0.006096357945352793,129.50828552246094
7.461,0.6449143290519714,2.9154481887817383,-39.46049499511719,-0.5027169585227966,0.10734447836875916,9.804041862487793,7.171623292379081e-05,0.001277193077839911,4.6358043618965894e-05,2,30.000003814697266,30.0000057220459,1269.8740234375,-0.03615419566631317,-0.0012503190664574504,0.006059679668396711,129.50901794433594
7.4611,0.6457962393760681,2.915290355682373,-39.460723876953125,-0.542486310005188,0.09148743748664856,9.808087348937988,0.00022508004622068256,0.00016913923900574446,0.0003110720426775515,2,30.000003814697266,30.0000057220459,1269.8740234375,-0.03669850900769234,-0.0010074788006022573,0.006048088893294334,129.5250244140625
7.6617,0.6488956212997437,2.914961099624634,-39.467071533203125,-0.4861350655555725,0.10678401589393616,9.80065631866455,0.003191322786733508,0.001202136161737144,-0.000748799298889935,2,30.000003814697266,30.0000057220459,1269.8740234375,-0.03662644326686859,-0.0024475969839841127,0.005792800337076187,129.5200653076172
7.6619,0.6497945785522461,2.9148759841918945,-39.46903991699219,-0.5273941159248352,0.09924837946891785,9.811094284057617,0.002367387292906642,0.001129559357650578,-0.0007347887149080634,2,30.000003814697266,30.0000057220459,1269.8740234375,-0.03666254132986069,-0.0024874452501535416,0.0057619484141469,129.56520080566406
7.6619,0.6505463123321533,2.914808750152588,-39.47120666503906,-0.5445493459701538,0.09995079785585403,9.812005996704102,0.002889156574383378,0.0002731070853769779,-0.0002266707451781258,2,30.000003814697266,30.0000057220459,1269.8740234375,-0.03693891689181328,-0.0023566593881696463,0.005805973894894123,129.57228088378906
7.662,0.6512615084648132,2.914757013320923,-39.47352600097656,-0.5703985691070557,0.12619023025035858,9.837282180786133,0.002086911117658019,-0.00021520230802707374,-0.00010205498256254941,2,30.000003814697266,30.0000057220459,1269.8740234375,-0.03730880841612816,-0.002001636428758502,0.005996805615723133,129.57974243164062
7.662,0.6507514119148254,2.914900064468384,-39.47584533691406,-0.6192779541015625,0.16270945966243744,9.833944320678711,-0.002403703983873129,-0.0009657795890234411,0.0006085971253924072,2,30.000003814697266,30.0000057220459,1269.8740234375,-0.037763115018606186,-0.0011860347585752606,0.0063214851543307304,129.5894012451172
7.6621,0.6488292217254639,2.9155125617980957,-39.47784423828125,-0.5710711479187012,0.16835573315620422,9.815706253051758,-0.004275320563465357,-0.001643311814405024,0.0016737367259338498,2,30.000003814697266,30.0000057220459,1269.8740234375,-0.03811715915799141,-0.0001057992922142148,0.006565113086253405,129.59405517578125
7.6622,0.6469689011573792,2.9165329933166504,-39.479705810546875,-0.43157854676246643,0.10118690133094788,9.792957305908203,-0.003432776080444455,-0.0013804329792037606,0.001344700693152845,2,30.000003814697266,30.0000057220459,1269.8740234375,-0.037980418652296066,0.0002494405198376626,0.006563526578247547,129.5870361328125
7.6622,0.6450351476669312,2.9172308444976807,-39.48542785644531,-0.3947792053222656,0.06594980508089066,9.795697212219238,0.0002677277952898294,0.0005735186277888715,-0.0016278610564768314,2,30.000003814697266,30.0000057220459,1269.8740234375,-0.03649568930268288,-0.0018496987177059054,0.006013845093548298,129.5614776611328
7.6623,0.6446109414100647,2.9169158935546875,-39.488677978515625,-0.501870334148407,0.10539820045232773,9.805276870727539,0.0005176673294045031,0.0014758420875295997,-0.0009067999781109393,2,30.000003814697266,30.0000057220459,1269.8740234375,-0.036117348819971085,-0.0024489164352416992,0.005898269359022379,129.56178283691406
7.6623,0.644332230091095,2.9167609214782715,-39.49128723144531,-0.5517881512641907,0.13393446803092957,9.808115005493164,0.0006266223499551415,0.000979687785729766,0.0005756919854320586,2,30.000003814697266,30.0000057220459,1269.8740234375,-0.03615693747997284,-0.002251691883429885,0.0059019532054662704,129.5672149658203
7.6624,0.6444787383079529,2.9168381690979004,-39.4932861328125,-0.5523836016654968,0.11651170998811722,9.813714027404785,0.0012713735923171043,0.0005439887172542512,0.0010395307326689363,2,30.000003814697266,30.0000057220459,1269.8740234375,-0.03640007600188255,-0.0017908011795952916,0.005955641623586416,129.52902221679688
7.6624,0.6449618935585022,2.916964530944824,-39.49497985839844,-0.5289281010627747,0.13655592501163483,9.812275886535645,0.001568683423101902,-0.0005583253223448992,0.00031721126288175583,2,30.000003814697266,30.0000057220459,1269.8740234375,-0.036565132439136505,-0.0013857099693268538,0.006024911068379879,129.5302276611328
7.6624,0.6457449793815613,2.916959047317505,-39.49659729003906,-0.5175289511680603,0.1359289437532425,9.823625564575195,0.001391317811794579,-0.0006961881881579757,0.00012472471280489117,2,30.000003814697266,30.0000057220459,1269.8740234375,-0.03655117750167847,-0.0010142459068447351,0.006136585026979446,129.52976989746094
7.6625,0.6463924050331116,2.917076587677002,-39.49797058105469,-0.45888370275497437,0.1337028443813324,9.807433128356934,0.0003253994509577751,-0.0005212367977946997,0.0003020232543349266,2,30.000003814697266,30.0000057220459,1269.8740234375,-0.03630230948328972,-0.0008381791412830353,0.006215225905179977,129.52163696289062
7.6625,,,,,,,,,,,,,,,,,
7.8631,0.6455009579658508,2.9163081645965576,-39.5013427734375,-0.48492181301116943,0.048290010541677475,9.81291389465332,-0.0010115536861121655,0.001594222616404295,-0.0009980155155062675,2,30.000003814697266,30.0000057220459,1269.8740234375,-0.03524376079440117,-0.0031530235428363085,0.006094805430620909,129.51126098632812
7.8632,0.6440334320068359,2.915710687637329,-39.502716064453125,-0.6111562252044678,0.09639694541692734,9.811737060546875,-0.0005254130810499191,0.0010460000485181808,-0.0007976095657795668,2,30.000003814697266,30.0000057220459,1269.8740234375,-0.035777945071458817,-0.00324988947249949,0.006148281507194042,129.52859497070312
7.8633,0.6427446603775024,2.915566921234131,-39.503875732421875,-0.6448515057563782,0.1290922909975052,9.809941291809082,-0.0001524645631434396,-9.67146479524672e-06,0.0001583808771101758,2,30.000003814697266,30.0000057220459,1269.8740234375,-0.03671818599104881,-0.002459465293213725,0.006239568814635277,129.5476531982422
7.8633,0.6421251893043518,2.9161362648010254,-39.504730224609375,-0.5563972592353821,0.11370494961738586,9.815245628356934,0.0010397922014817595,-0.0006893527461215854,0.0007542226812802255,2,30.000003814697266,30.0000057220459,1269.8740234375,-0.03746701404452324,-0.0016598606016486883,0.006347795017063618,129.5561065673828
7.8634,0.6421535611152649,2.9176242351531982,-39.5067138671875,-0.4150731861591339,0.14491607248783112,9.810189247131348,4.878694380749948e-05,0.0001215719457832165,-0.0009667006088420749,2,30.000003814697266,30.0000057220459,1269.8740234375,-0.036780115216970444,-0.0017070219619199634,0.006420705933123827,129.48468017578125
7.8634,0.6418361067771912,2.9176881313323975,-39.5074462890625,-0.46876096725463867,0.16564969718456268,9.80980110168457,-0.00029344562790356576,-6.859425047878176e-05,-0.0006711233290843666,2,30.000003814697266,30.0000057220459,1269.8740234375,-0.03602096438407898,-0.0017456960631534457,0.0064147342927753925,129.47372436523438
7.8635,0.6417092680931091,2.9174606800079346,-39.50733947753906,-0.5241594314575195,0.16777081787586212,9.80884075164795,-0.0008667008951306343,5.793629679828882e-05,0.0006065703346394002,2,30.000003814697266,30.0000057220459,1269.8740234375,-0.035600923001766205,-0.001336594927124679,0.006426610052585602,129.4707794189453
7.8635,0.6415936946868896,2.91737961769104,-39.50511169433594,-0.49299898743629456,0.06869826465845108,9.817513465881348,-0.0021330101881176233,6.38131532468833e-05,0.000738348055165261,2,30.000003814697266,30.0000057220459,1269.8740234375,-0.03559945896267891,-0.0008820225484669209,0.006580932065844536,129.47531127929688
7.8636,0.6408869028091431,2.917513132095337,-39.50445556640625,-0.48812124133110046,0.05138305947184563,9.802032470703125,-0.001804653205908835,0.00020482165564317256,-0.0006702301325276494,2,30.000003814697266,30.0000057220459,1269.8740234375,-0.035847414284944534,-0.00128266925457865,0.006598369218409061,129.4806671142578
7.8636,0.6398683786392212,2.9175124168395996,-39.504302978515625,-0.5209484696388245,0.09262149780988693,9.808283805847168,-0.0014085572911426425,-7.983640534803271e-05,-0.0007501434301957488,2,30.000003814697266,30.0000057220459,1269.8740234375,-0.036144696176052094,-0.0015562751796096563,0.006574764382094145,129.48648071289062
7.8637,0.6390219330787659,2.917593002319336,-39.50407409667969,-0.49917376041412354,0.09931488335132599,9.801384925842285,-0.0006707226275466383,-6.440537254093215e-05,3.903216202161275e-05,2,30.000003814697266,30.0000057220459,1269.8740234375,-0.0363551490008831,-0.0015794052742421627,0.006547566037625074,129.48843383789062
7.8637,0.638502299785614,2.9177358150482178,-39.503509521484375,-0.4696599245071411,0.09397708624601364,9.800477027893066,-0.00010034367005573586,-7.952819942147471e-06,0.0005470713367685676,2,30.000003814697266,30.0000057220459,1269.8740234375,-0.03636752814054489,-0.0017256444552913308,0.0064649139530956745,129.48654174804688
7.8637,0.6380912065505981,2.9178013801574707,-39.503021240234375,-0.44032222032546997,0.0918678343296051,9.807525634765625,-1.370416248391848e-05,0.0005315124872140586,-0.00016102266090456396,2,30.000003814697266,30.0000057220459,1269.8740234375,-0.03615725785493851,-0.0021207414101809263,0.006397251505404711,129.5262451171875
7.8638,0.6376033425331116,2.917574167251587,-39.50309753417969,-0.5154327750205994,0.13922545313835144,9.811471939086914,7.40688483347185e-05,0.0005329251289367676,-0.0006809313781559467,2,30.000003814697266,30.0000057220459,1269.8740234375,-0.03594813868403435,-0.002259615808725357,0.006400208454579115,129.52537536621094
7.8638,0.6373916268348694,2.917382001876831,-39.50328063964844,-0.5580320954322815,0.17525453865528107,9.825568199157715,0.00017876682977657765,0.00011414176697144285,1.893513115192036e-07,2,30.000003814697266,30.0000057220459,1269.8740234375,-0.035906609147787094,-0.0017015684861689806,0.006523960269987583,129.52635192871094
7.8639,0.6376281380653381,2.917395830154419,-39.50312805175781,-0.5423460006713867,0.1308908313512802,9.81326961517334,-0.00031979181221686304,-0.0003679791116155684,0.0008068250026553869,2,30.000003814697266,30.0000057220459,1269.8740234375,-0.036001916974782944,-0.0009875554824247956,0.006674368865787983,129.53024291992188
8.0645,0.6388057470321655,2.9177510738372803,-39.50636291503906,-0.5215532183647156,0.12799514830112457,9.80654525756836,0.000959130353294313,5.735602826462127e-05,0.00045617009163834155,2,30.000003814697266,30.0000057220459,1269.8740234375,-0.03608956187963486,-0.001868314342573285,0.006463633384555578,129.53152465820312
8.0648,0.6386641263961792,2.9177708625793457,-39.50569152832031,-0.5150614976882935,0.11578357964754105,9.813687324523926,0.0009162660571746528,0.00047428905963897705,-0.0003839813289232552,2,30.000003814697266,30.0000057220459,1269.8740234375,-0.03603510931134224,-0.0020864044781774282,0.006424800027161837,129.53036499023438
8.0648,0.6388057470321655,2.9177510738372803,-39.50636291503906,-0.5215532183647156,0.12799514830112457,9.80654525756836,0.000959130353294313,5.735602826462127e-05,0.00045617009163834155,2,30.000003814697266,30.0000057220459,1269.8740234375,-0.03608956187963486,-0.001868314342573285,0.006463633384555578,129.53152465820312
8.0649,0.6389578580856323,2.91780948638916,-39.50688171386719,-0.5207324624061584,0.11471279710531235,9.818551063537598,0.0001414873986504972,3.6146226193523034e-05,0.00020416753250174224,2,30.000003814697266,30.0000057220459,1269.8740234375,-0.036160629242658615,-0.001618943060748279,0.006521679926663637,129.53346252441406
8.0649,0.6386386752128601,2.917991876602173,-39.50750732421875,-0.5183621048927307,0.12034664303064346,9.816397666931152,-0.0009695158805698156,-0.0001325452176388353,1.5810721379239112e-05,2,30.000003814697266,30.0000057220459,1269.8740234375,-0.03624119982123375,-0.001419007545337081,0.006625779438763857,129.47752380371094
8.065,0.6378682851791382,2.918194055557251,-39.50779724121094,-0.5200631618499756,0.12452133744955063,9.808841705322266,-0.001647499855607748,-0.00031349516939371824,-4.632303171092644e-05,2,30.000003814697266,30.0000057220459,1269.8740234375,-0.036301713436841965,-0.0011719220783561468,0.006693582981824875,129.47872924804688
8.065,0.6369833946228027,2.918482780456543,-39.50776672363281,-0.4980316758155823,0.09851716458797455,9.799262046813965,-0.0018445947207510471,-0.00035735854180529714,0.0001426186936441809,2,30.000003814697266,30.0000057220459,1269.8740234375,-0.03637414053082466,-0.0010416606673970819,0.006670453120023012,129.48031616210938
8.0651,0.6361721754074097,2.9187769889831543,-39.50749206542969,-0.4799247682094574,0.11112909018993378,9.797307968139648,-0.000992441433481872,-0.00023020670050755143,0.00025040932814590633,2,30.000003814697266,30.0000057220459,1269.8740234375,-0.03635477274656296,-0.001108165131881833,0.00656410027295351,129.47804260253906
8.0651,0.6357366442680359,2.918980598449707,-39.50703430175781,-0.48412802815437317,0.12142852693796158,9.797791481018066,-0.0005008814041502774,-5.557995245908387e-05,0.0001285934413317591,2,30.000003814697266,30.0000057220459,1269.8740234375,-0.03619995713233948,-0.0011571034556254745,0.00645400257781148,129.4747772216797
8.0651,0.63560551404953,2.9191458225250244,-39.506500244140625,-0.4899868965148926,0.11560706794261932,9.806673049926758,-0.00027493381639942527,0.00014845536497887224,-0.00013781123561784625,2,30.000003814697266,30.0000057220459,1269.8740234375,-0.03605569899082184,-0.001145356916822493,0.006390060763806105,129.47274780273438
8.0653,0.635650098323822,2.919311285018921,-39.505859375,-0.49568092823028564,0.13580909371376038,9.813909530639648,-6.533554551424459e-05,0.0002284431247971952,3.702072353917174e-05,2,30.000003814697266,30.0000057220459,1269.8740234375,-0.03591890633106232,-0.0010445505613461137,0.006394650787115097,129.4698944091797
8.0653,0.6358845829963684,2.9194998741149902,-39.50506591796875,-0.5063626170158386,0.12618687748908997,9.803918838500977,-0.0002526911848690361,0.00028487874078564346,-9.067722203326412e-06,2,30.000003814697266,30.0000057220459,1269.8740234375,-0.035819943994283676,-0.0008485029102303088,0.006410631816834211,129.46932983398438
8.0654,0.6362541913986206,2.919719934463501,-39.50413513183594,-0.48651331663131714,0.12144255638122559,9.80623722076416,-1.210588015965186e-05,0.00017848853894975036,0.00016738634440116584,2,30.000003814697266,30.0000057220459,1269.8740234375,-0.03571779280900955,-0.0007109394064173102,0.00639703031629324,129.4663543701172
8.0654,0.6369879841804504,2.919755697250366,-39.50309753417969,-0.491414338350296,0.10351096093654633,9.797927856445312,0.0007279321434907615,-6.408145418390632e-05,0.00010280562855768949,2,30.000003814697266,30.0000057220459,1269.8740234375,-0.03563115745782852,-0.0007169052842073143,0.0063380831852555275,129.46617126464844
8.0655,0.6378011107444763,2.9197311401367188,-39.50202941894531,-0.48225149512290955,0.09217771142721176,9.810260772705078,0.0005415518535301089,0.00020122317073401064,0.00027948510251007974,2,30.000003814697266,30.0000057220459,1269.8740234375,-0.03562840819358826,-0.000850180396810174,0.006289477460086346,129.57177734375
8.0655,0.6387013792991638,2.9196133613586426,-39.502227783203125,-0.5166499614715576,0.08956228941679001,9.800210952758789,0.0007972675957717001,0.0004367311776150018,0.000182910735020414,2,30.000003814697266,30.0000057220459,1269.8740234375,-0.035801030695438385,-0.0012519540032371879,0.006296933628618717,129.57781982421875
8.0656,,,,,,,,,,,,,,,,,
8.2662,0.6392799019813538,2.920213460922241,-39.507781982421875,-0.5059525370597839,0.11354652792215347,9.809005737304688,-0.0007321035955101252,0.00026278983568772674,-0.0003341261763125658,2,30.000003814697266,30.0000057220459,1269.8740234375,-0.036024801433086395,-0.001180623541586101,0.006453670095652342,129.58221435546875
8.2663,0.6381617784500122,2.9206788539886475,-39.511566162109375,-0.5205891132354736,0.11750765889883041,9.807897567749023,-0.0008179770084097981,-3.27966918121092e-05,1.7301379557466134e-05,2,30.000003814697266,30.0000057220459,1269.8740234375,-0.036091264337301254,-0.0008027321891859174,0.006602845154702663,129.58714294433594
8.2663,0.637887716293335,2.921011447906494,-39.51348876953125,-0.49076297879219055,0.12640278041362762,9.796685218811035,-4.896373866358772e-05,-0.0004030617419630289,-2.5155355615424924e-05,2,30.000003814697266,30.0000057220459,1269.8740234375,-0.036022696644067764,-0.0006396109238266945,0.006558625027537346,129.58468627929688
8.2664,0.6383395791053772,2.9213457107543945,-39.5181884765625,-0.46989959478378296,0.11919321119785309,9.803607940673828,-2.0744579160236754e-05,0.00013714024680666625,-5.080311530036852e-05,2,30.000003814697266,30.0000057220459,1269.8740234375,-0.035338208079338074,-0.0004928659764118493,0.006373506970703602,129.70928955078125
8.2664,0.6386446952819824,2.9216907024383545,-39.53901672363281,-0.47917094826698303,0.10086116939783096,9.804534912109375,3.862737139570527e-05,4.37332300862181e-06,-0.00014973820361774415,2,30.000003814697266,30.0000057220459,1269.8740234375,-0.034997645765542984,-0.0005731633864343166,0.006345015484839678,129.71832275390625
8.2665,0.6386086940765381,2.9218757152557373,-39.54396057128906,-0.4794422686100006,0.11761119216680527,9.803359985351562,0.0001339199807262048,0.00021460474818013608,-0.0001941476803040132,2,30.000003814697266,30.0000057220459,1269.8740234375,-0.03469628095626831,-0.000703671365045011,0.006290913559496403,129.7149658203125
8.2665,0.6386995911598206,2.9218971729278564,-39.548797607421875,-0.4851961135864258,0.1344454288482666,9.807475090026855,0.0002982998266816139,4.9728958401829004e-05,0.00013876422599423677,2,30.000003814697266,30.0000057220459,1269.8740234375,-0.03430270031094551,-0.0006887872004881501,0.006255080457776785,129.7104034423828
8.2666,0.6391089558601379,2.921813488006592,-39.553375244140625,-0.49421459436416626,0.11991451680660248,9.809555053710938,0.000559812062419951,0.0002914820797741413,0.0003161134955007583,2,30.000003814697266,30.0000057220459,1269.8740234375,-0.03395083546638489,-0.0005942933494225144,0.006262258160859346,129.70872497558594
8.2666,0.6397079825401306,2.921689033508301,-39.557769775390625,-0.49232783913612366,0.1067863255739212,9.799970626831055,0.0006723763071931899,-8.655615238239989e-05,0.00034012109972536564,2,30.000003814697266,30.0000057220459,1269.8740234375,-0.03371288254857063,-0.0005741516361013055,0.006227228790521622,129.78294372558594
8.2667,0.6403139233589172,2.921565294265747,-39.56268310546875,-0.5059316754341125,0.08530659228563309,9.808293342590332,0.0006909069488756359,0.000430875486927107,0.00010293673403793946,2,30.000003814697266,30.0000057220459,1269.8740234375,-0.033611178398132324,-0.0006652351003140211,0.006193023640662432,129.78628540039062
8.2668,,,,,,,,,,,,,,,,,
8.4674,0.6371632814407349,2.9213850498199463,-39.597442626953125,-0.5173144340515137,0.1261412501335144,9.814425468444824,-0.0005516439559869468,-0.0004421897465363145,-6.24886597506702e-05,2,30.000003814697266,30.0000057220459,1269.8740234375,-0.03299197554588318,-0.0008077058591879904,0.006375893950462341,129.79495239257812
8.4675,0.6367610096931458,2.9212119579315186,-39.603118896484375,-0.5165367126464844,0.12210523337125778,9.802980422973633,-0.00023640658764634281,-0.0005471149343065917,0.00042167192441411316,2,30.000003814697266,30.0000057220459,1269.8740234375,-0.032845389097929,-0.0005664515192620456,0.006397246848791838,129.79603576660156
8.4677,0.6366878151893616,2.9212236404418945,-39.6085205078125,-0.4708035886287689,0.10102544724941254,9.805678367614746,7.310635555768386e-05,-0.00016845583741087466,0.0005281572230160236,2,30.000003814697266,30.0000057220459,1269.8740234375,-0.03261573612689972,-0.0005256023141555488,0.006363815627992153,129.79310607910156
8.4678,0.6367209553718567,2.9213480949401855,-39.61383056640625,-0.45828908681869507,0.07687822729349136,9.80819034576416,0.000367097178241238,0.0005399899091571569,0.0002579203573986888,2,30.000003814697266,30.0000057220459,1269.8740234375,-0.03230367600917816,-0.000873609387781471,0.006331928074359894,129.78768920898438
8.4678,0.6366663575172424,2.9212758541107178,-39.619384765625,-0.4740009009838104,0.11270490288734436,9.810833930969238,0.0006727171130478382,0.00022373913088813424,-0.0007520687649957836,2,30.000003814697266,30.0000057220459,1269.8740234375,-0.031964898109436035,-0.0012202452635392547,0.006327434908598661,129.7842559814453
8.4678,0.6366163492202759,2.920975923538208,-39.62486267089844,-0.53012615442276,0.1247706413269043,9.804769515991211,0.0002160578005714342,0.0004133170878048986,-0.00028363606543280184,2,30.000003814697266,30.0000057220459,1269.8740234375,-0.031730856746435165,-0.0011634824331849813,0.006329135969281197,129.785888671875
8.4679,0.6363831162452698,2.9209506511688232,-39.629913330078125,-0.540977954864502,0.11290256679058075,9.799485206604004,-0.0005245330976322293,0.00033529437496326864,0.00020815606694668531,2,30.000003814697266,30.0000057220459,1269.8740234375,-0.03176009654998779,-0.000845773087348789,0.006296943873167038,129.79144287109375
8.4679,0.6358786225318909,2.9211738109588623,-39.63475036621094,-0.5189826488494873,0.10542679578065872,9.813728332519531,-0.000856266706250608,-2.516604945412837e-05,0.00016363977920264006,2,30.000003814697266,30.0000057220459,1269.8740234375,-0.03184511139988899,-0.0006130823167040944,0.006298081949353218,129.79501342773438
8.468,0.6362810134887695,2.9212546348571777,-39.644134521484375,-0.48647210001945496,0.1252630352973938,9.803403854370117,0.0016319379210472107,-0.0005117126274853945,5.3609262977261096e-05,2,30.000003814697266,30.0000057220459,1269.8740234375,-0.0316910482943058,-0.00042827363358810544,0.0062624383717775345,129.79412841796875
8.468,0.6370500326156616,2.9214439392089844,-39.64874267578125,-0.44091811776161194,0.12346629053354263,9.808595657348633,0.0011182860471308231,0.00023706424690317363,-0.00012317135406192392,2,30.000003814697266,30.0000057220459,1269.8740234375,-0.03120475448668003,-0.0004963328829035163,0.006225905381143093,129.7840118408203
8.4681,0.6376326084136963,2.9213855266571045,-39.65309143066406,-0.44874221086502075,0.11366201192140579,9.809412956237793,0.0005470390897244215,0.00022365112090483308,-5.684735242539318e-06,2,30.000003814697266,30.0000057220459,1269.8740234375,-0.030572138726711273,-0.0007611325709149241,0.006208459846675396,129.7760467529297
8.4681,0.6380516886711121,2.9209532737731934,-39.65724182128906,-0.4917129874229431,0.10429801791906357,9.80595588684082,0.0004626555892173201,0.00025477379676885903,-0.00028378816205076873,2,30.000003814697266,30.0000057220459,1269.8740234375,-0.030170775949954987,-0.0009587350650690496,0.006189672742038965,129.77505493164062
8.4682,0.6383655667304993,2.9203336238861084,-39.66387939453125,-0.557098388671875,0.09100356698036194,9.81357479095459,-0.00020535213116090745,-0.00021848427422810346,0.0002702063648030162,2,30.000003814697266,30.0000057220459,1269.8740234375,-0.030572189018130302,-0.0006113568088039756,0.006335067097097635,129.63990783691406
8.4682,0.6378464102745056,2.9212474822998047,-39.668060302734375,-0.4391433894634247,0.12485189735889435,9.80694580078125,0.0004623279965016991,0.00012587053060997277,-0.0004543164395727217,2,30.000003814697266,30.0000057220459,1269.8740234375,-0.03081716224551201,-0.0006360133993439376,0.006322266533970833,129.63558959960938
8.4683,0.6380103230476379,2.9208943843841553,-39.66705322265625,-0.4834269881248474,0.09541323035955429,9.793405532836914,-3.9448230381822214e-05,-0.00025083209038712084,4.9343343562213704e-05,2,30.000003814697266,30.0000057220459,1269.8740234375,-0.03109770454466343,-0.00042281640344299376,0.006420454476028681,129.64532470703125
8.4683,0.6378464102745056,2.9212474822998047,-39.668060302734375,-0.4391433894634247,0.12485189735889435,9.80694580078125,0.0004623279965016991,0.00012587053060997277,-0.0004543164395727217,2,30.000003814697266,30.0000057220459,1269.8740234375,-0.03081716224551201,-0.0006360133993439376,0.006322266533970833,129.63558959960938
8.6689,,,,,,,,,,,,,,,,,
8.669,0.6399928331375122,2.920280933380127,-39.66551208496094,-0.519824206829071,0.08183077722787857,9.803987503051758,-0.0009154317667707801,9.515943384030834e-05,-0.0003350292390678078,2,30.000003814697266,30.0000057220459,1269.8740234375,-0.030021799728274345,0.00015017461555544287,0.006560320034623146,129.62135314941406
8.669,0.6398661136627197,2.920424222946167,-39.66465759277344,-0.5033929347991943,0.09871894866228104,9.807332992553711,-0.0007569201407022774,-0.00028029942768625915,3.5555087379179895e-05,2,30.000003814697266,30.0000057220459,1269.8740234375,-0.030284637585282326,0.00010845515498658642,0.006534334272146225,129.62380981445312
8.6691,0.6402968168258667,2.9205174446105957,-39.66148376464844,-0.48223474621772766,0.11619894951581955,9.8162202835083,0.0012632566504180431,0.0001713620440568775,-0.0001305028417846188,2,30.000003814697266,30.0000057220459,1269.8740234375,-0.029977431520819664,-0.0002553837257437408,0.006350446958094835,129.61427307128906
8.6691,0.6409019827842712,2.920290470123291,-39.66033935546875,-0.5191065669059753,0.15040428936481476,9.814019203186035,-4.212231942801736e-05,0.00015820232511032373,4.280000212020241e-05,2,30.000003814697266,30.0000057220459,1269.8740234375,-0.029855087399482727,-9.207846596837044e-05,0.006422261241823435,129.61282348632812
8.6692,0.6411226391792297,2.9201085567474365,-39.65901184082031,-0.5125164985656738,0.14638003706932068,9.813926696777344,-0.0011539499973878264,-0.0002894305216614157,0.0002478967362549156,2,30.000003814697266,30.0000057220459,1269.8740234375,-0.02977498434484005,0.0003273303445894271,0.006502135656774044,129.61109924316406
8.6693,0.6410624980926514,2.9197371006011963,-39.65577697753906,-0.47887495160102844,0.08881411701440811,9.798212051391602,-0.0011731904232874513,-7.979827205417678e-05,0.000490658450871706,2,30.000003814697266,30.0000057220459,1269.8740234375,-0.0296621173620224,0.0005043970886617899,0.006526064593344927,129.61012268066406
8.6694,0.6418707966804504,2.919321298599243,-39.65312194824219,-0.4816860556602478,0.0789954662322998,9.796972274780273,0.0010542082600295544,0.00021414649381767958,-0.00030919708660803735,2,30.000003814697266,30.0000057220459,1269.8740234375,-0.02969629317522049,-8.017911750357598e-05,0.006379283033311367,129.64346313476562
8.6694,0.6439607739448547,2.918718099594116,-39.6514892578125,-0.4863728880882263,0.10843401402235031,9.806884765625,0.0018781092949211597,0.0003924993216060102,0.00030218472238630056,2,30.000003814697266,30.0000057220459,1269.8740234375,-0.02959982492029667,-0.0005311735440045595,0.006241755094379187,129.6396026611328
8.6694,,,,,,,,,,,,,,,,,
8.87,0.6445949673652649,2.9179844856262207,-39.64988708496094,-0.48092588782310486,0.10609812289476395,9.804178237915039,-0.0014662748435512185,-0.00034952815622091293,-6.323857087409124e-05,2,30.000003814697266,30.0000057220459,1269.8740234375,-0.03070155903697014,0.000316774909151718,0.006726855877786875,129.65811157226562
8.8702,0.643800675868988,2.9181652069091797,-39.64991760253906,-0.4346633851528168,0.10445105284452438,9.80997371673584,-0.0014373508747667074,-0.0004918779013678432,-8.495226938975975e-05,2,30.000003814697266,30.0000057220459,1269.8740234375,-0.030449965968728065,5.212139876675792e-05,0.0067017958499491215,129.6505126953125
8.8703,0.6421864628791809,2.9176745414733887,-39.6497802734375,-0.46370795369148254,0.11893539875745773,9.805277824401855,-0.0012811284977942705,0.0006817035027779639,-2.1250148165563587e-06,2,30.000003814697266,30.0000057220459,1269.8740234375,-0.02961455099284649,-0.0003701955429278314,0.006590793840587139,129.6494903564453
8.8703,0.6418824791908264,2.9172849655151367,-39.649566650390625,-0.5157781839370728,0.11892522126436234,9.812848091125488,-0.00024476778344251215,0.0002954747760668397,0.00032878294587135315,2,30.000003814697266,30.0000057220459,1269.8740234375,-0.029454289004206657,-0.0003641159273684025,0.006594943813979626,129.65170288085938
8.8704,0.6426072716712952,2.916656732559204,-39.64894104003906,-0.48278722167015076,0.09878311306238174,9.806020736694336,6.087273504817858e-05,0.00011495193757582456,1.0052042853203602e-05,2,30.000003814697266,30.0000057220459,1269.8740234375,-0.029720187187194824,-9.465812763664871e-05,0.00651398254558444,129.6567840576172
8.8704,0.6430878639221191,2.916283130645752,-39.649169921875,-0.5041669607162476,0.10948076099157333,9.804954528808594,0.00028635250055231154,0.00016734930977690965,-1.9009154129889794e-05,2,30.000003814697266,30.0000057220459,1269.8740234375,-0.029630286619067192,-0.0003030752995982766,0.006336086429655552,129.6564178466797
8.8705,0.6442567110061646,2.9159703254699707,-39.649383544921875,-0.5100706219673157,0.09508119523525238,9.81116771697998,5.557089389185421e-05,-9.297486940340605e-06,0.0001500223734183237,2,30.000003814697266,30.0000057220459,1269.8740234375,-0.029781926423311234,0.00015245172835420817,0.006443585269153118,129.6612091064453
8.8705,0.6444259285926819,2.916057586669922,-39.64955139160156,-0.5184025168418884,0.10726428776979446,9.808819770812988,5.774989404017106e-05,-4.5192951802164316e-05,0.00012005189637420699,2,30.000003814697266,30.0000057220459,1269.8740234375,-0.029947057366371155,0.00019473738211672753,0.006472330540418625,129.66441345214844
8.8706,0.6443881392478943,2.9161157608032227,-39.649810791015625,-0.5054752230644226,0.11047618836164474,9.803038597106934,-0.0004962562816217542,-0.0005824446561746299,0.00015265148249454796,2,30.000003814697266,30.0000057220459,1269.8740234375,-0.030065597966313362,0.00029396291938610375,0.006467342376708984,129.70846557617188
8.8706,0.644289493560791,2.9161596298217773,-39.650390625,-0.4863436818122864,0.09735555946826935,9.79667854309082,-0.00015388935571536422,-0.0003649431746453047,0.00013871084956917912,2,30.000003814697266,30.0000057220459,1269.8740234375,-0.030076341703534126,0.0002696430601645261,0.0063870372250676155,129.70787048339844
8.8707,,,,,,,,,,,,,,,,,
9.0713,0.6446183323860168,2.9166431427001953,-39.658233642578125,-0.5091071128845215,0.11786089837551117,9.806781768798828,0.0009747447911649942,-0.00033289918792434037,0.00013132143067196012,2,30.000003814697266,30.0000057220459,1269.8740234375,-0.0298813097178936,0.00014667514187749475,0.0062092375010252,129.70823669433594
9.0714,0.6446183323860168,2.9166431427001953,-39.658233642578125,-0.5091071128845215,0.11786089837551117,9.806781768798828,0.0009747447911649942,-0.00033289918792434037,0.00013132143067196012,2,30.000003814697266,30.0000057220459,1269.8740234375,-0.0298813097178936,0.00014667514187749475,0.0062092375010252,129.70823669433594
9.0714,0.6451300978660583,2.9167540073394775,-39.65950012207031,-0.48646703362464905,0.10481707751750946,9.801125526428223,0.0007459233747795224,-7.073792949086055e-05,0.00020607681653928012,2,30.000003814697266,30.0000057220459,1269.8740234375,-0.029835153371095657,0.00017651755479164422,0.006173430476337671,129.70681762695312
9.0715,0.6454890966415405,2.916745185852051,-39.660797119140625,-0.5045049786567688,0.1237320825457573,9.810917854309082,0.0006100009777583182,-0.0003402754955459386,7.287396147148684e-05,2,30.000003814697266,30.0000057220459,1269.8740234375,-0.029747283086180687,0.0001859943149611354,0.006159448064863682,129.70584106445312
9.0715,0.6457343697547913,2.9168126583099365,-39.66209411621094,-0.5084652304649353,0.10656528919935226,9.79714298248291,-2.2173651814227924e-05,3.5998957173433155e-05,4.9089834647020325e-05,2,30.000003814697266,30.0000057220459,1269.8740234375,-0.029734686017036438,0.00029316695872694254,0.006126141641288996,129.78163146972656
9.0717,0.6457133889198303,2.917024612426758,-39.66387939453125,-0.49660757184028625,0.09674616158008575,9.800965309143066,-0.0002905030851252377,-7.154648483265191e-05,0.0001538902724860236,2,30.000003814697266,30.0000057220459,1269.8740234375,-0.02975204773247242,0.00028540234779939055,0.0060430546291172504,129.7823944091797
9.0718,0.6448477506637573,2.917872905731201,-39.674102783203125,-0.49714455008506775,0.13975901901721954,9.808272361755371,-0.00024062876764219254,-0.00014307550736702979,5.3129965635889675e-06,2,30.000003814697266,30.0000057220459,1269.8740234375,-0.02948036603629589,0.000521014560945332,0.005993510130792856,129.78106689453125
9.0718,0.6448477506637573,2.917872905731201,-39.674102783203125,-0.49714455008506775,0.13975901901721954,9.808272361755371,-0.00024062876764219254,-0.00014307550736702979,5.3129965635889675e-06,2,30.000003814697266,30.0000057220459,1269.8740234375,-0.02948036603629589,0.000521014560945332,0.005993510130792856,129.78106689453125
9.0719,0.6449096202850342,2.918060779571533,-39.67683410644531,-0.4920756220817566,0.11394786089658737,9.802141189575195,-0.00027288575074635446,-2.2023970814188942e-05,0.0002635067794471979,2,30.000003814697266,30.0000057220459,1269.8740234375,-0.02925557643175125,0.0006371544441208243,0.005965023301541805,129.77984619140625
9.0719,0.6446613669395447,2.9183173179626465,-39.68241882324219,-0.4968218207359314,0.09456606954336166,9.80679702758789,-0.0009050731314346194,0.00011713472486007959,-0.00011128213373012841,2,30.000003814697266,30.0000057220459,1269.8740234375,-0.02894950658082962,0.0006321162800304592,0.005970804486423731,129.77932739257812
9.0719,0.643854558467865,2.9185757637023926,-39.68812561035156,-0.5041612982749939,0.10953784734010696,9.808306694030762,-0.0005568860215134919,4.0314014768227935e-05,-0.00012517484719865024,2,30.000003814697266,30.0000057220459,1269.8740234375,-0.028909510001540184,0.0005947491736151278,0.006003632675856352,129.70132446289062
9.072,0.6437634229660034,2.918701410293579,-39.690277099609375,-0.48673221468925476,0.1103903278708458,9.80582046508789,0.0001531201705802232,-0.00020906679856125265,0.00023329448595177382,2,30.000003814697266,30.0000057220459,1269.8740234375,-0.028817985206842422,0.0005871708272024989,0.005992379039525986,129.69992065429688
9.072,,,,,,,,,,,,,,,,,
9.2726,0.6465333700180054,2.918238401412964,-39.6954345703125,-0.5048018097877502,0.1066807433962822,9.815927505493164,0.00015525173512287438,-2.2837662072561216e-06,0.00015256689221132547,2,30.000003814697266,30.0000057220459,1269.8740234375,-0.02832690253853798,0.0004045603855047375,0.0058305454440414906,129.69471740722656
9.2727,0.6465198993682861,2.918072462081909,-39.69578552246094,-0.5237706899642944,0.10752227157354355,9.818967819213867,-0.00045616363058798015,-6.0471607866929844e-05,0.00019423830963205546,2,30.000003814697266,30.0000057220459,1269.8740234375,-0.028441572561860085,0.0004801074101123959,0.005935228429734707,129.69830322265625
9.2727,0.6462169289588928,2.9181156158447266,-39.696075439453125,-0.5178753733634949,0.10773395746946335,9.802741050720215,-0.0008418874931521714,1.3626206964545418e-05,9.901147859636694e-05,2,30.000003814697266,30.0000057220459,1269.8740234375,-0.02861637994647026,0.000613772077485919,0.00598311610519886,129.70147705078125
9.2728,0.6456511616706848,2.918323278427124,-39.69642639160156,-0.4995337724685669,0.11256501823663712,9.81585693359375,-0.001238083466887474,-9.661326475907117e-05,-0.00022997318592388183,2,30.000003814697266,30.0000057220459,1269.8740234375,-0.028703365474939346,0.0006887863273732364,0.0060033067129552364,129.7019805908203
9.2729,0.6442729234695435,2.918915033340454,-39.69010925292969,-0.47646692395210266,0.11043236404657364,9.80259895324707,0.0005204494809731841,0.0002927507448475808,0.0001309091894654557,2,30.000003814697266,30.0000057220459,1269.8740234375,-0.028611110523343086,0.0006811994826421142,0.006172570399940014,129.48690795898438
9.2729,0.6448291540145874,2.918924570083618,-39.68629455566406,-0.49401551485061646,0.10135485231876373,9.811336517333984,0.0011310084955766797,0.00018748239381238818,-0.00016246965969912708,2,30.000003814697266,30.0000057220459,1269.8740234375,-0.028641700744628906,0.0005640479503199458,0.0061527397483587265,129.48672485351562
9.273,0.6454300284385681,2.918823480606079,-39.68206787109375,-0.5119575262069702,0.12571237981319427,9.80477237701416,0.0007519079954363406,7.147125143092126e-05,3.1949526601238176e-05,2,30.000003814697266,30.0000057220459,1269.8740234375,-0.02878219075500965,0.0006057401187717915,0.0061516594141721725,129.48692321777344
9.273,0.6458873748779297,2.9187920093536377,-39.677490234375,-0.5016354322433472,0.10749101638793945,9.810212135314941,0.00022520963102579117,4.138024087296799e-05,-6.199642666615546e-05,2,30.000003814697266,30.0000057220459,1269.8740234375,-0.028947338461875916,0.0007265283493325114,0.006158709526062012,129.487060546875
9.2731,0.6462472081184387,2.918715476989746,-39.67274475097656,-0.49580833315849304,0.09483752399682999,9.808855056762695,0.0004866416857112199,-0.00023408308334182948,-7.850198744563386e-05,2,30.000003814697266,30.0000057220459,1269.8740234375,-0.029160616919398308,0.0006838359986431897,0.006173988804221153,129.48873901367188
9.2731,0.6463243365287781,2.918555498123169,-39.663299560546875,-0.5071032047271729,0.08217352628707886,9.809884071350098,-0.00045658950693905354,-4.485516910790466e-05,-6.65426057366858e-07,2,30.000003814697266,30.0000057220459,1269.8740234375,-0.029657233506441116,0.0004367367655504495,0.006143162027001381,129.4926300048828
9.2732,,,,,,,,,,,,,,,,,
9.2732,0.6442465782165527,2.91892671585083,-39.64012145996094,-0.4924243092536926,0.14474087953567505,9.8026762008667,-0.0006592068821191788,1.849792170105502e-05,-0.00016062078066170216,2,30.000003814697266,30.0000057220459,1269.8740234375,-0.03012939728796482,0.000727387610822916,0.006001195404678583,129.36190795898438
9.474,0.6450895667076111,2.918724536895752,-39.62580871582031,-0.48889243602752686,0.10599098354578018,9.80439567565918,0.00039486176683567464,-6.664808461209759e-05,0.00016344559844583273,2,30.000003814697266,30.0000057220459,1269.8740234375,-0.030295230448246002,0.0011343624209985137,0.005997532978653908,129.35980224609375
9.4742,0.6466609239578247,2.918518304824829,-39.61091613769531,-0.49252849817276,0.07729990780353546,9.807435989379883,0.00022459433239419013,4.230541890137829e-05,0.00011300902406219393,2,30.000003814697266,30.0000057220459,1269.8740234375,-0.030834995210170746,0.0008055110229179263,0.006000806577503681,129.36260986328125
9.4742,0.646855890750885,2.9183669090270996,-39.60383605957031,-0.517997145652771,0.08722303807735443,9.803194999694824,9.857834811555222e-05,0.00013097957707941532,-0.00014599095447920263,2,30.000003814697266,30.0000057220459,1269.8740234375,-0.03128252178430557,0.000625951390247792,0.005978269502520561,129.36776733398438
9.4743,0.6464512944221497,2.9183080196380615,-39.590179443359375,-0.5196454524993896,0.10504642128944397,9.806414604187012,-0.0004932172014378011,-0.00017097892123274505,0.00011794840247603133,2,30.000003814697266,30.0000057220459,1269.8739013671875,-0.03222498297691345,0.0005926613812334836,0.005979970563203096,129.44361877441406
9.4743,0.6458927392959595,2.918489456176758,-39.58415222167969,-0.49057692289352417,0.10218126326799393,9.805560111999512,-0.0005404380499385297,-5.822246293973876e-06,-4.787953366758302e-05,2,30.000003814697266,30.0000057220459,1269.8739013671875,-0.0325276181101799,0.0006021267618052661,0.0059630488976836205,129.44351196289062
9.4744,0.6453797221183777,2.918642282485962,-39.578582763671875,-0.47546446323394775,0.12013236433267593,9.809137344360352,-0.00015042044105939567,-7.036692841211334e-05,0.00024354265769943595,2,30.000003814697266,30.0000057220459,1269.8739013671875,-0.03260265290737152,0.000520481204148382,0.0059516835026443005,129.4396209716797
9.4744,0.6452364325523376,2.9186432361602783,-39.573486328125,-0.47804099321365356,0.12506769597530365,9.80197525024414,0.0005161091685295105,9.404819866176695e-05,-0.00030255236197263,2,30.000003814697266,30.0000057220459,1269.8739013671875,-0.03253202140331268,0.00047316818381659687,0.005918658804148436,129.4351348876953
9.4745,0.6453742384910583,2.918586492538452,-39.56866455078125,-0.49055248498916626,0.13231296837329865,9.803313255310059,0.00031826819758862257,0.0002869787276722491,6.782791024306789e-05,2,30.000003814697266,30.0000057220459,1269.8739013671875,-0.0324527807533741,0.0005278069875203073,0.005864576902240515,129.4313507080078
9.4745,0.645762026309967,2.9184377193450928,-39.56394958496094,-0.5018662214279175,0.13520178198814392,9.801925659179688,0.0007513369782827795,3.3094770515162963e-06,0.00014755132724530995,2,30.000003814697266,30.0000057220459,1269.8739013671875,-0.03242463991045952,0.0006928416551090777,0.005813610274344683,129.42930603027344
9.4746,0.646366536617279,2.9182498455047607,-39.55938720703125,-0.5104884505271912,0.11765050888061523,9.821861267089844,0.00036114349495619535,2.40181980188936e-05,8.699810859980062e-05,2,30.000003814697266,30.0000057220459,1269.8739013671875,-0.03250162675976753,0.0008798330673016608,0.005851573310792446,129.42955017089844
9.4746,0.6468555331230164,2.9181225299835205,-39.554962158203125,-0.521483302116394,0.09230216592550278,9.81089973449707,3.440749060246162e-05,-0.00011558114783838391,0.0003202187945134938,2,30.000003814697266,30.0000057220459,1269.8739013671875,-0.03278223052620888,0.0009581229533068836,0.005939147900789976,129.4345703125
9.4747,0.6468889713287354,2.918133020401001,-39.55082702636719,-0.5179868936538696,0.10807670652866364,9.806146621704102,-0.0006054154364392161,-0.00014597845438402146,0.00022368159261532128,2,30.000003814697266,30.0000057220459,1269.8739013671875,-0.03313802555203438,0.001021909760311246,0.005961990915238857,129.43751525878906
9.4747,0.646779477596283,2.918222665786743,-39.54695129394531,-0.5138567090034485,0.11110151559114456,9.805049896240234,-0.000347068184055388,-0.0004020248888991773,0.0001880212948890403,2,30.000003814697266,30.0000057220459,1269.8739013671875,-0.03340386971831322,0.0011363648809492588,0.005954837426543236,129.43963623046875
9.4747,0.6465203762054443,2.9186041355133057,-39.54023742675781,-0.4707748293876648,0.11135194450616837,9.805229187011719,-0.0005566779291257262,-0.0001300392032135278,6.543269410030916e-05,2,30.000003814697266,30.0000057220459,1269.8739013671875,-0.03362090140581131,0.0012649254640564322,0.005943001713603735,129.5038299560547
9.4748,0.646813154220581,2.9187750816345215,-39.53550720214844,-0.48070549964904785,0.10774336755275726,9.810887336730957,0.0005374319152906537,0.0002358972851652652,8.512659405823797e-05,2,30.000003814697266,30.0000057220459,1269.8739013671875,-0.03344377875328064,0.000972909212578088,0.005839614197611809,129.4993133544922
9.4748,,,,,,,,,,,,,,,,,
9.6754,0.646953821182251,2.9188616275787354,-39.528289794921875,-0.48915642499923706,0.10684862732887268,9.815431594848633,-0.0009140343172475696,-5.766154936281964e-05,7.492258737329394e-05,2,30.000003814697266,30.0000057220459,1269.8739013671875,-0.034109413623809814,0.0011205965420231223,0.00591984624043107,129.50807189941406
9.6755,0.646953821182251,2.9188616275787354,-39.528289794921875,-0.48915642499923706,0.10684862732887268,9.815431594848633,-0.0009140343172475696,-5.766154936281964e-05,7.492258737329394e-05,2,30.000003814697266,30.0000057220459,1269.8739013671875,-0.034109413623809814,0.0011205965420231223,0.00591984624043107,129.50807189941406
9.6756,0.6464169025421143,2.91908597946167,-39.52734375,-0.4850500822067261,0.13207492232322693,9.806450843811035,-0.0007607351872138679,7.653760258108377e-05,8.569622877985239e-05,2,30.000003814697266,30.0000057220459,1269.8739013671875,-0.03401174396276474,0.0011129198828712106,0.0059484634548425674,129.5043182373047
9.6758,0.6460888981819153,2.9192967414855957,-39.52546691894531,-0.4932554364204407,0.1151655912399292,9.812713623046875,4.786380668519996e-05,0.00034993377630598843,-9.501126623945311e-05,2,30.000003814697266,30.0000057220459,1269.8739013671875,-0.03362681344151497,0.0013631338952109218,0.005910123698413372,129.49105834960938
9.6759,0.64698326587677,2.919419765472412,-39.523529052734375,-0.507573664188385,0.12204838544130325,9.81298542022705,0.00017378198390360922,-6.115866563050076e-05,-6.012382436892949e-05,2,30.000003814697266,30.0000057220459,1269.8739013671875,-0.03355221450328827,0.0015029007336124778,0.005904918070882559,129.4901580810547
9.676,0.6481395959854126,2.919455051422119,-39.52153015136719,-0.4920426905155182,0.10012342780828476,9.816340446472168,0.00017691546236164868,-0.00010862870840355754,0.00013567913265433162,2,30.000003814697266,30.0000057220459,1269.8739013671875,-0.03362748399376869,0.001655546948313713,0.0059612710028886795,129.49110412597656
9.676,0.648505687713623,2.919389486312866,-39.51954650878906,-0.5070214867591858,0.10817116498947144,9.806702613830566,-0.00043346945312805474,1.561027966090478e-05,0.00018418249965179712,2,30.000003814697266,30.0000057220459,1269.8739013671875,-0.03364045172929764,0.0014339679619297385,0.006048881448805332,129.490966796875
9.6761,0.6486619114875793,2.9194109439849854,-39.517730712890625,-0.5283528566360474,0.0913635864853859,9.809563636779785,-0.0002882528060581535,-0.00036772622843272984,0.00037224998231977224,2,30.000003814697266,30.0000057220459,1269.8739013671875,-0.03409147262573242,0.0018307053251191974,0.006122852675616741,129.50111389160156
9.6761,0.6486563682556152,2.9196465015411377,-39.51698303222656,-0.48906826972961426,0.09580527245998383,9.818960189819336,-0.00034574788878671825,-0.00045128646888770163,-2.9022887247265317e-05,2,30.000003814697266,30.0000057220459,1269.8739013671875,-0.034319937229156494,0.0018052887171506882,0.006180941592901945,129.50070190429688
9.6761,0.6482419967651367,2.919903516769409,-39.51640319824219,-0.4806192219257355,0.088259756565094,9.770910263061523,-0.0008948917384259403,-8.211323438445106e-05,3.19770333589986e-05,2,30.000003814697266,30.0000057220459,1269.8739013671875,-0.03437409922480583,0.0015951693058013916,0.006054840516299009,129.50013732910156
9.6762,,,,,,,,,,,,,,,,,
9.6762,0.6475251913070679,2.919832944869995,-39.5155029296875,-0.4983522295951843,0.12122111022472382,9.787171363830566,-0.0005723006324842572,-0.00011154404637636617,3.375418236828409e-05,2,30.000003814697266,30.0000057220459,1269.8739013671875,-0.033931612968444824,0.0013834652490913868,0.006133810617029667,129.4916229248047
9.6763,0.6475908756256104,2.919678211212158,-39.51481628417969,-0.5045647025108337,0.1346980333328247,9.821106910705566,0.0009161336929537356,-5.294173024594784e-05,0.00017362646758556366,2,30.000003814697266,30.0000057220459,1269.8739013671875,-0.033845264464616776,0.0015425821766257286,0.0060896072536706924,129.48980712890625
9.8771,0.6486814022064209,2.919593572616577,-39.51408386230469,-0.5202373266220093,0.1098601222038269,9.807572364807129,0.002148729283362627,-4.708906271844171e-05,-0.00011890005407622084,2,30.000003814697266,30.0000057220459,1269.8739013671875,-0.03386995941400528,0.0017255420098081231,0.006160269025713205,129.49237060546875
9.8772,0.6500566601753235,2.9195287227630615,-39.51258850097656,-0.47861209511756897,0.09474845975637436,9.79249095916748,-0.0009697559289634228,-0.00018640788039192557,0.0002520672569517046,2,30.000003814697266,30.0000057220459,1269.8739013671875,-0.0340513251721859,0.0016873575514182448,0.006286952178925276,129.49203491210938
9.8773,0.6495912075042725,2.919400930404663,-39.511871337890625,-0.4824841320514679,0.10467804223299026,9.808319091796875,-0.0010176305659115314,-0.0002238833112642169,0.0002403491089353338,2,30.000003814697266,30.0000057220459,1269.8739013671875,-0.03400072082877159,0.0014922943664714694,0.006199887488037348,129.49057006835938
9.8773,0.6486843228340149,2.9192886352539062,-39.51123046875,-0.506009042263031,0.12043096125125885,9.8064546585083,-0.0022881757467985153,0.00038352012052200735,4.271483339834958e-05,2,30.000003814697266,30.0000057220459,1269.8739013671875,-0.033959150314331055,0.0014551256317645311,0.006186238490045071,129.49066162109375
9.8774,0.6471709609031677,2.919224262237549,-39.509857177734375,-0.5128277540206909,0.10478466749191284,9.818358421325684,-0.0004729136126115918,-0.0002521324495319277,0.0001292800297960639,2,30.000003814697266,30.0000057220459,1269.8739013671875,-0.03407343104481697,0.0020096194930374622,0.006106792949140072,129.53916931152344
9.8774,0.6470102667808533,2.919294595718384,-39.50987243652344,-0.45606687664985657,0.06342753022909164,9.807435989379883,0.0004160580283496529,-0.00010287764598615468,-0.00012588781828526407,2,30.000003814697266,30.0000057220459,1269.8739013671875,-0.03425220400094986,0.0014380509965121746,0.00607725977897644,129.54049682617188
9.8775,0.6471253633499146,2.9191253185272217,-39.510406494140625,-0.4642382264137268,0.07585736364126205,9.7992525100708,0.0016354027902707458,0.00024831434711813927,-0.00039808108704164624,2,30.000003814697266,30.0000057220459,1269.8739013671875,-0.034213583916425705,0.0008799061179161072,0.005994101986289024,129.53932189941406
9.8775,0.6473953723907471,2.9189372062683105,-39.511138916015625,-0.4927373230457306,0.10514280200004578,9.808843612670898,0.0017490637255832553,0.0006829327903687954,-0.00026989937759935856,2,30.000003814697266,30.0000057220459,1269.8739013671875,-0.03416595235466957,0.0005617511924356222,0.005936549510806799,129.53857421875
9.8776,0.6480696797370911,2.918694496154785,-39.51258850097656,-0.5207010507583618,0.13868488371372223,9.80466079711914,0.0015276152407750487,0.0003489679656922817,-0.00012879865244030952,2,30.000003814697266,30.0000057220459,1269.8739013671875,-0.03416524454951286,0.0007664051954634488,0.005920311436057091,129.5388641357422
9.8776,0.6486350893974304,2.918710708618164,-39.51324462890625,-0.518096387386322,0.13732267916202545,9.813997268676758,0.0016983376117423177,0.0003064325428567827,0.00011690108658513054,2,30.000003814697266,30.0000057220459,1269.8739013671875,-0.0341319777071476,0.001105848583392799,0.005943031515926123,129.53855895996094
9.8777,0.6495173573493958,2.9188618659973145,-39.51368713378906,-0.5078273415565491,0.1202654018998146,9.801766395568848,0.001860855263657868,0.00020011080778203905,0.0004845283692702651,2,30.000003814697266,30.0000057220459,1269.8739013671875,-0.03411481902003288,0.00135367875918746,0.005946569610387087,129.5384521484375
9.8779,0.6499154567718506,2.919050931930542,-39.51423645019531,-0.47898802161216736,0.09929332882165909,9.840819358825684,-0.0008091565687209368,0.00020412512822076678,-0.00020090158795937896,2,30.000003814697266,30.0000057220459,1269.8739013671875,-0.03404683992266655,0.0013380360323935747,0.006094265263527632,129.53622436523438
9.8779,0.6492053866386414,2.918992519378662,-39.51496887207031,-0.48633065819740295,0.06217160075902939,9.797929763793945,-0.0017521976260468364,-0.00010368050425313413,-0.00023278282606042922,2,30.000003814697266,30.0000057220459,1269.8739013671875,-0.03406481072306633,0.0010268271435052156,0.00620132265612483,129.43820190429688
9.878,,,,,,,,,,,,,,,,,
10.0787,0.6451630592346191,2.9190149307250977,-39.50999450683594,-0.520783007144928,0.11990976333618164,9.801583290100098,-0.0008246030774898827,0.0005695895524695516,-0.0002117669937433675,2,30.000003814697266,30.0000057220459,1269.8739013671875,-0.033790264278650284,0.0009149405523203313,0.006078431848436594,129.4308319091797
10.0788,0.6448842287063599,2.9188613891601562,-39.508148193359375,-0.5375862717628479,0.1164340153336525,9.812833786010742,-0.0004903688095510006,-7.087044650688767e-05,6.091050454415381e-05,2,30.000003814697266,30.0000057220459,1269.8739013671875,-0.03400516137480736,0.001177429803647101,0.006084019318223,129.4357452392578
10.0789,0.6449304819107056,2.9188151359558105,-39.50614929199219,-0.5219265818595886,0.07718975841999054,9.793008804321289,0.00017406282131560147,-0.0001172586198663339,0.0002902391424868256,2,30.000003814697266,30.0000057220459,1269.8739013671875,-0.034377481788396835,0.0013098710915073752,0.006055291276425123,129.44273376464844
10.0791,0.6449154019355774,2.919098377227783,-39.50254821777344,-0.4843558967113495,0.0708555355668068,9.81396770477295,-0.0004759126459248364,-0.00016319280257448554,-0.0003378377587068826,2,30.000003814697266,30.0000057220459,1269.8739013671875,-0.0350312702357769,0.0007975877379067242,0.006148207001388073,129.39031982421875
10.0791,0.6436942219734192,2.9192402362823486,-39.498870849609375,-0.4956430494785309,0.13986027240753174,9.812891006469727,0.0008860346861183643,0.0003895265399478376,-0.0003211061703041196,2,30.000003814697266,30.0000057220459,1269.8739013671875,-0.035177383571863174,0.00043044410995207727,0.006125068757683039,129.38681030273438
10.0792,0.6434374451637268,2.919358253479004,-39.49647521972656,-0.5042397379875183,0.1566637009382248,9.819925308227539,-3.447328708716668e-05,0.00025113424635492265,-2.7504236641107127e-05,2,30.000003814697266,30.0000057220459,1269.8739013671875,-0.035033732652664185,0.0007111168815754354,0.006209744140505791,129.38230895996094
10.0792,0.6431052088737488,2.919440269470215,-39.493682861328125,-0.4936160147190094,0.13809125125408173,9.813643455505371,-0.0008962873253040016,1.5145915313041769e-05,4.8742422222858295e-05,2,30.000003814697266,30.0000057220459,1269.8739013671875,-0.034874629229307175,0.0010197850642725825,0.006305724382400513,129.37843322753906
10.0793,0.641932487487793,2.918888568878174,-39.484588623046875,-0.5165788531303406,0.09630356729030609,9.802334785461426,-0.0012607838725671172,-0.0003508316003717482,-8.633311517769471e-05,2,30.000003814697266,30.0000057220459,1269.8739013671875,-0.03507662191987038,0.001445902744308114,0.006438277196139097,129.3826141357422
10.0793,0.6423376798629761,2.919029474258423,-39.48768615722656,-0.5132468342781067,0.110588438808918,9.813430786132812,-0.0013410064857453108,-0.0003548783133737743,0.00019366970809642226,2,30.000003814697266,30.0000057220459,1269.8739013671875,-0.03482212498784065,0.0013665254227817059,0.006432126276195049,129.37789916992188
10.0794,0.641932487487793,2.918888568878174,-39.484588623046875,-0.5165788531303406,0.09630356729030609,9.802334785461426,-0.0012607838725671172,-0.0003508316003717482,-8.633311517769471e-05,2,30.000003814697266,30.0000057220459,1269.8739013671875,-0.03507662191987038,0.001445902744308114,0.006438277196139097,129.3826141357422
10.0794,0.6413139700889587,2.918848752975464,-39.4815673828125,-0.4921432435512543,0.0963888168334961,9.813223838806152,-0.0015648509142920375,-0.0005386609700508416,0.0002614259428810328,2,30.000003814697266,30.0000057220459,1269.8739013671875,-0.0353114977478981,0.0014001930831000209,0.006441220641136169,129.38331604003906
10.0795,0.6405488848686218,2.9187660217285156,-39.478485107421875,-0.4858332574367523,0.10182768851518631,9.809684753417969,-0.0014478666707873344,-0.0002875768986996263,0.00045697164023295045,2,30.000003814697266,30.0000057220459,1269.8739013671875,-0.03539544343948364,0.001265648053959012,0.006474610418081284,129.3827667236328
10.0795,0.6396284699440002,2.9186465740203857,-39.47557067871094,-0.4971257746219635,0.10904483497142792,9.801280975341797,-0.0018914922839030623,-0.00023558172688353807,-4.537983477348462e-05,2,30.000003814697266,30.0000057220459,1269.8739013671875,-0.035460975021123886,0.001188437337987125,0.006448591127991676,129.4277801513672
10.0795,,,,,,,,,,,,,,,,,
10.0796,0.6375840306282043,2.918750047683716,-39.4708251953125,-0.5049043893814087,0.13421335816383362,9.805834770202637,-0.0016296491958200932,0.00017404527170583606,7.624997670063749e-05,2,30.000003814697266,30.0000057220459,1269.8739013671875,-0.035434141755104065,0.0015190260019153357,0.0063135274685919285,129.42538452148438
10.2803,0.6362519860267639,2.9188015460968018,-39.46665954589844,-0.5047810673713684,0.0933053120970726,9.799128532409668,-0.0026281855534762144,-0.00023847122793085873,0.00011099547555204481,2,30.000003814697266,30.0000057220459,1269.8739013671875,-0.035437922924757004,0.0017164221499115229,0.006306080613285303,129.42697143554688
10.2804,0.6322634220123291,2.9189794063568115,-39.4622802734375,-0.48492631316185,0.10719671845436096,9.791253089904785,-0.002180051291361451,-0.0003243032260797918,8.364595851162449e-05,2,30.000003814697266,30.0000057220459,1269.8739013671875,-0.035808928310871124,0.0015598403988406062,0.00611718138679862,129.431884765625
10.2805,0.6335704922676086,2.918936014175415,-39.46356201171875,-0.5010347962379456,0.09957177937030792,9.800896644592285,-0.0026566493324935436,-6.936045974725857e-05,-0.00010285921598551795,2,30.000003814697266,30.0000057220459,1269.8739013671875,-0.03576008602976799,0.0016176860081031919,0.006237349938601255,129.43223571777344
10.2806,0.6306068897247314,2.918449878692627,-39.45880126953125,-0.4692920446395874,0.1247258111834526,9.802671432495117,-0.0004491853469517082,0.00028099375776946545,-0.00010059207852464169,2,30.000003814697266,30.0000057220459,1269.8739013671875,-0.035132091492414474,0.0014626996126025915,0.006020234432071447,129.5276641845703
10.2806,0.6305642127990723,2.918034791946411,-39.45849609375,-0.49646711349487305,0.1108044981956482,9.810961723327637,-0.0011047626612707973,8.929124305723235e-05,-0.0004147239960730076,2,30.000003814697266,30.0000057220459,1269.8739013671875,-0.03493371233344078,0.001432417193427682,0.0060109845362603664,129.5272216796875
10.2807,0.6269842386245728,2.9166862964630127,-39.46195983886719,-0.49242427945137024,0.08042342960834503,9.819164276123047,-0.0017138541443273425,-0.00047786644427105784,-0.00017007958376780152,2,30.000003814697266,30.0000057220459,1269.8739013671875,-0.03513295203447342,0.0016563284443691373,0.006059202831238508,129.5365753173828
10.2807,0.6286725997924805,2.916780471801758,-39.46051025390625,-0.5053197741508484,0.08707349747419357,9.807372093200684,-0.0026789382100105286,-5.705827788915485e-05,9.387829777551815e-05,2,30.000003814697266,30.0000057220459,1269.8739013671875,-0.03534144163131714,0.001646816381253302,0.006127703934907913,129.5406951904297
10.2808,0.6269842386245728,2.9166862964630127,-39.46195983886719,-0.49242427945137024,0.08042342960834503,9.819164276123047,-0.0037232942413538694,-0.0002659126475919038,-0.0001963084505405277,2,30.000003814697266,30.0000057220459,1269.8739013671875,-0.035456277430057526,0.0014890771126374602,0.006180123426020145,129.543701171875
10.2808,0.6244661808013916,2.916508913040161,-39.463775634765625,-0.4771806299686432,0.10167504847049713,9.821236610412598,-0.004966133274137974,-0.00024888667394407094,-0.00022522907238453627,2,30.000003814697266,30.0000057220459,1269.8739013671875,-0.03540516272187233,0.0012796027585864067,0.006293307989835739,129.54295349121094
10.2809,0.6211379766464233,2.916268825531006,-39.46571350097656,-0.4891837239265442,0.11304300278425217,9.807902336120605,-0.006358926650136709,0.00011737428576452658,-0.0001899754861369729,2,30.000003814697266,30.0000057220459,1269.8739013671875,-0.0352262444794178,0.0011760712368413806,0.006356201134622097,129.54244995117188
10.2809,0.6120344996452332,2.9153048992156982,-39.47157287597656,-0.483236700296402,0.10479684174060822,9.801185607910156,-0.0035311307292431593,-0.0003115446015726775,5.971971040708013e-05,2,30.000003814697266,30.0000057220459,1269.8739013671875,-0.034645672887563705,0.0013805078342556953,0.006245154421776533,129.6287841796875
10.281,,,,,,,,,,,,,,,,,
10.281,0.605689525604248,2.9144766330718994,-39.48222351074219,-0.5676336884498596,0.08356510102748871,9.812727928161621,-0.0045863869599998,0.0009604889201000333,-0.0009208610281348228,2,30.000003814697266,30.0000057220459,1269.8739013671875,-0.0358109176158905,-0.0004571695171762258,0.0062369173392653465,129.66354370117188
10.4815,0.5955286622047424,2.9157583713531494,-39.49467468261719,-0.4164781868457794,0.20211108028888702,9.797709465026855,-0.0029967825394123793,0.00011850055307149887,0.0006203842349350452,2,30.000003814697266,30.0000057220459,1269.8739013671875,-0.03442561998963356,0.0017580697312951088,0.006345363333821297,129.63436889648438
10.4817,0.5945901274681091,2.9155797958374023,-39.50239562988281,-0.47652512788772583,0.07474653422832489,9.785836219787598,-0.0009532584226690233,0.0008212903048843145,-0.0011221860768273473,2,30.000003814697266,30.0000057220459,1269.8739013671875,-0.0325489304959774,0.0014703102642670274,0.00604193564504385,129.61996459960938
10.4818,0.5951705574989319,2.915053129196167,-39.506317138671875,-0.5509614944458008,0.04307442530989647,9.81266975402832,0.0006691169110126793,0.0006427435437217355,-0.00035544554702937603,2,30.000003814697266,30.0000057220459,1269.8739013671875,-0.03274499252438545,0.0012268924620002508,0.005926984362304211,129.6338348388672
10.4819,0.595334529876709,2.9146127700805664,-39.50993347167969,-0.5754604935646057,0.029089070856571198,9.83709716796875,-0.0012479537399485707,-0.00047759205335751176,0.0007949821883812547,2,30.000003814697266,30.0000057220459,1269.8739013671875,-0.03350045531988144,0.0011377442860975862,0.006103080231696367,129.5804901123047
10.4819,0.5940707325935364,2.914235830307007,-39.512939453125,-0.5720210075378418,0.023169221356511116,9.827080726623535,-0.002498206915333867,-0.0015519140288233757,0.0012632346479222178,2,30.000003814697266,30.0000057220459,1269.8739013671875,-0.03444695100188255,0.0010364154586568475,0.006379319820553064,129.59884643554688
10.4819,0.5918910503387451,2.913557291030884,-39.51585388183594,-0.5669397115707397,0.07574249058961868,9.815503120422363,-0.002113229362294078,-0.0036119818687438965,0.0009045715560205281,2,30.000003814697266,30.0000057220459,1269.8739013671875,-0.035252198576927185,0.0010561923263594508,0.006551961414515972,129.61151123046875
10.482,0.5877818465232849,2.908782958984375,-39.519134521484375,-0.30201220512390137,0.07525007426738739,9.786979675292969,-0.0018465564353391528,-0.0012038435088470578,-0.0006222220836207271,2,30.000003814697266,30.0000057220459,1269.8739013671875,-0.03403015434741974,0.000855576538015157,0.0063276132568717,129.60842895507812
10.482,0.5888097286224365,2.910229444503784,-39.51890563964844,-0.4051017463207245,0.1351204812526703,9.793477058410645,-0.0018230838468298316,-0.0034080217592418194,0.00013537216000258923,2,30.000003814697266,30.0000057220459,1269.8739013671875,-0.03512999787926674,0.0016156830824911594,0.0065647391602396965,129.60940551757812
10.4821,0.5834386348724365,2.9124069213867188,-39.526519775390625,-0.4691964387893677,0.021055877208709717,9.80347728729248,-0.0015660509234294295,0.0033275489695370197,-0.0028451059479266405,2,30.000003814697266,30.0000057220459,1269.8739013671875,-0.032290127128362656,-0.0017790517304092646,0.005830482114106417,129.609619140625
10.4822,0.5787861943244934,2.91996431350708,-39.53276062011719,-0.4771144986152649,0.17871910333633423,9.809513092041016,0.0008131229551509023,-0.0008198254508897662,0.00034053748822771013,2,30.000003814697266,30.0000057220459,1269.8739013671875,-0.035011909902095795,0.0008522968273609877,0.006325163412839174,129.6040802001953
10.4823,,,,,,,,,,,,,,,,,
10.6826,0.5917154550552368,2.9238786697387695,-39.535552978515625,-0.4101116359233856,-0.03081909939646721,9.812987327575684,0.006473461166024208,0.0013228687457740307,-0.002026450587436557,2,30.000003814697266,30.0000057220459,1269.8739013671875,-0.032675135880708694,-0.0007878923206590116,0.005838280078023672,129.59361267089844
10.6827,0.5945896506309509,2.9246814250946045,-39.53709411621094,-0.516416072845459,0.042341943830251694,9.824373245239258,0.0032167253084480762,0.0015433805529028177,-0.0030231827404350042,2,30.000003814697266,30.0000057220459,1269.8739013671875,-0.032971031963825226,-0.0018448964692652225,0.005898636300116777,129.5918731689453
10.6827,0.5961244702339172,2.9253053665161133,-39.5384521484375,-0.6604030728340149,0.15157873928546906,9.826739311218262,0.0019574242178350687,0.0004452655266504735,-0.001042748335748911,2,30.000003814697266,30.0000057220459,1269.8739013671875,-0.033624112606048584,-0.0014783137012273073,0.006107814144343138,129.5890655517578
10.6828,0.596743643283844,2.9254262447357178,-39.53861999511719,-0.6821112632751465,0.18422038853168488,9.8252592086792,-0.00017235260747838765,-0.00023345754016190767,0.001359222107566893,2,30.000003814697266,30.0000057220459,1269.8739013671875,-0.034514956176280975,8.105208689812571e-05,0.0063855587504804134,129.588623046875
10.6828,0.5964182019233704,2.9249398708343506,-39.537872314453125,-0.5525309443473816,0.13751156628131866,9.807814598083496,-0.0014647883363068104,-0.0015481251757591963,0.001836938550695777,2,30.000003814697266,30.0000057220459,1269.8739013671875,-0.03509480878710747,0.0013739870628342032,0.006551328580826521,129.58853149414062
10.6828,0.5954498648643494,2.924253463745117,-39.53742980957031,-0.4265534579753876,0.10882452875375748,9.80576229095459,-0.0022332132793962955,-0.000751530344132334,-8.346134563907981e-05,2,30.000003814697266,30.0000057220459,1269.8739013671875,-0.03494928032159805,0.0015890743816271424,0.006552224978804588,129.58828735351562
10.6828,0.5924718379974365,2.9242231845855713,-39.538909912109375,-0.44981512427330017,0.12102172523736954,9.802107810974121,-0.0024896785616874695,0.0006148724351078272,-0.0009804131696000695,2,30.000003814697266,30.0000057220459,1269.8739013671875,-0.03376365825533867,0.0006668709102086723,0.006367939990013838,129.5896453857422
10.6829,0.5909298062324524,2.92484974861145,-39.53919982910156,-0.48229050636291504,0.11335554718971252,9.810336112976074,-0.00041076308116316795,0.00044822879135608673,0.00048536964459344745,2,30.000003814697266,30.0000057220459,1269.8739013671875,-0.0329800546169281,0.00045217861770652235,0.006176757626235485,129.59140014648438
10.6829,0.5908252596855164,2.9250948429107666,-39.539093017578125,-0.5255081653594971,0.15786191821098328,9.81152629852295,1.0030550583906006e-05,0.00037566249375231564,0.00028380166622810066,2,30.000003814697266,30.0000057220459,1269.8739013671875,-0.03277483582496643,0.0006993304123170674,0.006204918026924133,129.59178161621094
10.6829,0.5907564759254456,2.925281047821045,-39.53904724121094,-0.5486477017402649,0.15903551876544952,9.804250717163086,-0.00029319527675397694,0.00026856595650315285,0.0003476217680145055,2,30.000003814697266,30.0000057220459,1269.8739013671875,-0.032679084688425064,0.0013619035016745329,0.006224606651812792,129.59188842773438
10.6829,,,,,,,,,,,,,,,,,
10.6829,0.5926629304885864,2.925628662109375,-39.53739929199219,-0.5665743350982666,0.08296848833560944,9.819986343383789,0.000709441548679024,-2.4049139028647915e-05,0.0009093527914956212,2,30.000003814697266,30.0000057220459,1269.8739013671875,-0.031947061419487,0.0017261991742998362,0.006440955679863691,129.70362854003906
10.8836,0.5930349826812744,2.9255425930023193,-39.53688049316406,-0.5282523036003113,0.09054668992757797,9.810646057128906,0.00048060010885819793,-0.00029128711321391165,0.0013232536148279905,2,30.000003814697266,30.0000057220459,1269.8739013671875,-0.032423295080661774,0.0019351529190316796,0.006544248666614294,129.70338439941406
10.8837,0.5926629304885864,2.925628662109375,-39.53739929199219,-0.5665743350982666,0.08296848833560944,9.819986343383789,0.000709441548679024,-2.4049139028647915e-05,0.0009093527914956212,2,30.000003814697266,30.0000057220459,1269.8739013671875,-0.031947061419487,0.0017261991742998362,0.006440955679863691,129.70362854003906
10.8838,0.5930349826812744,2.9255425930023193,-39.53688049316406,-0.5282523036003113,0.09054668992757797,9.810646057128906,0.00048060010885819793,-0.00029128711321391165,0.0013232536148279905,2,30.000003814697266,30.0000057220459,1269.8739013671875,-0.032423295080661774,0.0019351529190316796,0.006544248666614294,129.70338439941406
10.8838,0.593604326248169,2.925309896469116,-39.53636169433594,-0.4730224907398224,0.09330423921346664,9.798783302307129,0.0014967193128541112,-0.0004979823133908212,0.0009377100504934788,2,30.000003814697266,30.0000057220459,1269.8739013671875,-0.03252832219004631,0.001915307017043233,0.006527168210595846,129.70306396484375
10.8838,0.5945520997047424,2.925196647644043,-39.53611755371094,-0.42796561121940613,0.07444634288549423,9.792856216430664,0.001879417453892529,0.00015204296505544335,0.0001526995620224625,2,30.000003814697266,30.0000057220459,1269.8739013671875,-0.032279834151268005,0.0015069814398884773,0.006382064428180456,129.70237731933594
10.8839,0.5976668000221252,2.9257009029388428,-39.536224365234375,-0.5099910497665405,0.10097914189100266,9.815058708190918,0.0033717486076056957,0.0004674208757933229,5.57796229259111e-05,2,30.000003814697266,30.0000057220459,1269.8739013671875,-0.031764015555381775,0.0008400785154663026,0.006239539943635464,129.70111083984375
10.8841,0.6011795401573181,2.926274061203003,-39.535858154296875,-0.5336287021636963,0.10250251740217209,9.820209503173828,0.002616890938952565,4.637951133190654e-05,0.0007120476802811027,2,30.000003814697266,30.0000057220459,1269.8739013671875,-0.03225027024745941,0.0013881874037906528,0.0064307828433811665,129.64198303222656
10.8842,0.6026654243469238,2.9262566566467285,-39.535675048828125,-0.5161706805229187,0.09433618187904358,9.811094284057617,0.0024414483923465014,-0.00018646112584974617,0.0002770127903204411,2,30.000003814697266,30.0000057220459,1269.8739013671875,-0.03247678652405739,0.0015397552633658051,0.0065286788158118725,129.64109802246094
10.8842,0.6051387786865234,2.925952911376953,-39.53582763671875,-0.4724912941455841,0.10059787333011627,9.814650535583496,0.0011999403359368443,-5.1203358452767134e-05,-0.00036629033274948597,2,30.000003814697266,30.0000057220459,1269.8739013671875,-0.03246143087744713,0.0013746543554589152,0.006512300577014685,129.63919067382812
10.8842,0.6057124137878418,2.9259262084960938,-39.53593444824219,-0.4590131640434265,0.11263130605220795,9.813331604003906,0.0005818739300593734,-4.076128243468702e-05,0.00043533300049602985,2,30.000003814697266,30.0000057220459,1269.8739013671875,-0.032178621739149094,0.0011839759536087513,0.0065602571703493595,129.6387481689453
10.8843,0.6059003472328186,2.9260401725769043,-39.53581237792969,-0.48125147819519043,0.11654561012983322,9.808600425720215,-0.00011310015543131158,0.00044120397069491446,0.00045297775068320334,2,30.000003814697266,30.0000057220459,1269.8739013671875,-0.03187216445803642,0.001077340799383819,0.006582609377801418,129.6384735107422
10.8843,0.606353223323822,2.9264960289001465,-39.53569030761719,-0.5199611186981201,0.11244377493858337,9.80355167388916,0.0008139578276313841,0.0004446686361916363,0.00016063761722762138,2,30.000003814697266,30.0000057220459,1269.8739013671875,-0.03163919597864151,0.0012827363098040223,0.00644702510908246,129.63868713378906
10.8844,0.6068591475486755,2.9265754222869873,-39.53575134277344,-0.5331940650939941,0.11122405529022217,9.8034086227417,0.0009322059340775013,-0.00022201672254595906,-2.7807786864286754e-06,2,30.000003814697266,30.0000057220459,1269.8739013671875,-0.03177694231271744,0.0015314926858991385,0.006417818367481232,129.6386260986328
10.8844,,,,,,,,,,,,,,,,,
10.8844,0.6115366816520691,2.926485061645508,-39.53547668457031,-0.44592705368995667,0.0818166732788086,9.800891876220703,0.004008179996162653,0.0005733621073886752,6.618627230636775e-05,2,30.000003814697266,30.0000057220459,1269.8739013671875,-0.03160230442881584,0.0004018914478365332,0.006138663273304701,129.6746826171875
11.0851,0.6137493252754211,2.9268219470977783,-39.535614013671875,-0.5027709603309631,0.1312638521194458,9.825352668762207,0.003701162291690707,0.0006101664621382952,-0.0002491718914825469,2,30.000003814697266,30.0000057220459,1269.8739013671875,-0.0313689149916172,0.00020171719370409846,0.006161214783787727,129.67359924316406
11.0852,0.6156851053237915,2.927096128463745,-39.53578186035156,-0.5559406876564026,0.13692325353622437,9.80772876739502,0.0029886839911341667,0.00024736623163335025,4.6164241211954504e-05,2,30.000003814697266,30.0000057220459,1269.8739013671875,-0.03137121722102165,0.0005710219265893102,0.006271766033023596,129.67257690429688
11.0853,0.6175597906112671,2.9271092414855957,-39.53587341308594,-0.5577768087387085,0.11535855382680893,9.811600685119629,0.0036118999123573303,-0.00029237850685603917,5.481995685840957e-05,2,30.000003814697266,30.0000057220459,1269.8739013671875,-0.031646206974983215,0.0011158531997352839,0.006318178493529558,129.67173767089844
11.0853,0.6211705207824707,2.926917314529419,-39.535980224609375,-0.45496898889541626,0.08069190382957458,9.799324989318848,0.00295464345254004,-0.00012850170605815947,-0.0003105712530668825,2,30.000003814697266,30.0000057220459,1269.8739013671875,-0.0320049449801445,0.0011322421487420797,0.00634942390024662,129.66932678222656
11.0854,0.6265345215797424,2.9278454780578613,-39.537078857421875,-0.4902087450027466,0.11442820727825165,9.835506439208984,0.002683245111256838,0.001316366484388709,-0.0005821287049911916,2,30.000003814697266,30.0000057220459,1269.8739013671875,-0.03140079230070114,1.682610673015006e-05,0.006302895490080118,129.46971130371094
11.0854,0.6276715993881226,2.928539276123047,-39.53749084472656,-0.5245155096054077,0.14416037499904633,9.82315731048584,0.0009899854194372892,0.0010508272098377347,-0.0005108291516080499,2,30.000003814697266,30.0000057220459,1269.8739013671875,-0.0312952995300293,0.00020014678011648357,0.006530389189720154,129.46932983398438
11.0855,0.6282103061676025,2.929043769836426,-39.53782653808594,-0.5520734786987305,0.15368859469890594,9.812872886657715,0.0007878615870140493,0.0005834416951984167,-0.0003037982387468219,2,30.000003814697266,30.0000057220459,1269.8739013671875,-0.03129790350794792,0.000748154241591692,0.006667735520750284,129.4694061279297
11.0855,0.6299031376838684,2.9292964935302734,-39.53794860839844,-0.47952553629875183,0.12723308801651,9.806279182434082,0.002402836224064231,-0.0002952356298919767,3.5140077670803294e-05,2,30.000003814697266,30.0000057220459,1269.8739013671875,-0.03124740906059742,0.001597509952262044,0.00674266554415226,129.4690704345703
11.0856,0.6307899951934814,2.929269313812256,-39.53800964355469,-0.4693686068058014,0.1181202083826065,9.819775581359863,0.00039681876660324633,0.0002180103911086917,3.868317435262725e-05,2,30.000003814697266,30.0000057220459,1269.8739013671875,-0.030951641499996185,0.0015761411050334573,0.006787742022424936,129.4681396484375
11.0857,0.629109799861908,2.9313013553619385,-39.533660888671875,-0.48743337392807007,0.11428188532590866,9.798674583435059,-0.00022729333431925625,0.000540860288310796,0.00015133699344005436,2,30.000003814697266,30.0000057220459,1269.8739013671875,-0.030811915174126625,0.0014944904251024127,0.006796475499868393,129.4679718017578
11.0857,0.6276219487190247,2.933018684387207,-39.53303527832031,-0.5249015092849731,0.10372881591320038,9.809489250183105,-9.368486644234508e-05,0.00031515746377408504,0.00012737166252918541,2,30.000003814697266,30.0000057220459,1269.8739013671875,-0.030787577852606773,0.001539947697892785,0.006748881656676531,129.46829223632812
11.0858,0.6264702081680298,2.9342963695526123,-39.53276062011719,-0.5704554319381714,0.08940178155899048,9.813287734985352,0.00010122067760676146,-0.00014287630619946867,0.00023621669970452785,2,30.000003814697266,30.0000057220459,1269.8739013671875,-0.03115098364651203,0.0017618924612179399,0.006808198988437653,129.46847534179688
11.0859,,,,,,,,,,,,,,,,,
11.2864,0.6316312551498413,2.940988779067993,-39.53302001953125,-0.5268828272819519,0.10245929658412933,9.7959623336792,0.005747138988226652,0.0008072925847955048,-0.0001726346672512591,2,30.000003814697266,30.0000057220459,1269.8739013671875,-0.0301925428211689,0.0011105748126283288,0.006513691507279873,129.44361877441406
11.2865,0.6288837194442749,2.9402780532836914,-39.53297424316406,-0.49818742275238037,0.11637164652347565,9.812551498413086,0.005457842256873846,0.00032457333873026073,-5.510158371180296e-05,2,30.000003814697266,30.0000057220459,1269.8739013671875,-0.03016146644949913,0.0010052078869193792,0.006553108338266611,129.44532775878906
11.2865,0.6316312551498413,2.940988779067993,-39.53302001953125,-0.5268828272819519,0.10245929658412933,9.7959623336792,0.005747138988226652,0.0008072925847955048,-0.0001726346672512591,2,30.000003814697266,30.0000057220459,1269.8739013671875,-0.0301925428211689,0.0011105748126283288,0.006513691507279873,129.44361877441406
11.2865,0.6353071928024292,2.9419925212860107,-39.53318786621094,-0.5612260103225708,0.08654610812664032,9.825430870056152,0.0006106899818405509,-0.00025316214305348694,0.0003007886407431215,2,30.000003814697266,30.0000057220459,1269.8739013671875,-0.030984656885266304,0.0014545562444254756,0.006829951424151659,129.4407196044922
11.2866,0.6351009011268616,2.9420218467712402,-39.5330810546875,-0.5032590627670288,0.08657211065292358,9.806185722351074,-0.0007318204734474421,-0.0007134688785299659,0.00013933819718658924,2,30.000003814697266,30.0000057220459,1269.8739013671875,-0.031373269855976105,0.0015182050410658121,0.006934439763426781,129.38092041015625
11.2867,0.6343491673469543,2.941946268081665,-39.53314208984375,-0.46268969774246216,0.09209932386875153,9.805280685424805,-0.0012112738331779838,-0.000594346085563302,-0.0003243415558245033,2,30.000003814697266,30.0000057220459,1269.8739013671875,-0.03138081729412079,0.0012817800743505359,0.006910207215696573,129.38087463378906
11.2867,0.6336061358451843,2.9425060749053955,-39.53358459472656,-0.44846227765083313,0.12833161652088165,9.790852546691895,0.0014326982200145721,0.0004405651707202196,-0.0006155416485853493,2,30.000003814697266,30.0000057220459,1269.873779296875,-0.030583003535866737,0.0006162776844576001,0.006524120923131704,129.38133239746094
11.2868,0.63421630859375,2.9431161880493164,-39.53388977050781,-0.48606035113334656,0.1286567598581314,9.805843353271484,0.001511499984189868,0.0010284289019182324,-0.0005743032670579851,2,30.000003814697266,30.0000057220459,1269.873779296875,-0.030156953260302544,0.0005300506018102169,0.006398595869541168,129.3810577392578
11.2868,0.6348934769630432,2.943833589553833,-39.5340576171875,-0.5359888076782227,0.12245087325572968,9.813767433166504,0.0014966190792620182,0.0007977322675287724,-5.920387411606498e-05,2,30.000003814697266,30.0000057220459,1269.873779296875,-0.030069218948483467,0.0006990802939981222,0.0064103263430297375,129.38099670410156
11.2868,0.6329885721206665,2.945016860961914,-39.53392028808594,-0.47602397203445435,0.11236002296209335,9.801697731018066,-0.0020747771486639977,2.0642182789742947e-05,0.00027532322565093637,2,30.000003814697266,30.0000057220459,1269.873779296875,-0.03105071373283863,0.0016703334404155612,0.006840934976935387,129.38174438476562
11.2869,0.6342465281486511,2.944915771484375,-39.534027099609375,-0.5274288654327393,0.10813632607460022,9.817041397094727,-0.002054282696917653,-0.00014310530968941748,9.334734204458073e-05,2,30.000003814697266,30.0000057220459,1269.873779296875,-0.031042397022247314,0.0016335892723873258,0.00681243184953928,129.3811798095703
11.2869,0.6329885721206665,2.945016860961914,-39.53392028808594,-0.47602397203445435,0.11236002296209335,9.801697731018066,-0.0020747771486639977,2.0642182789742947e-05,0.00027532322565093637,2,30.000003814697266,30.0000057220459,1269.873779296875,-0.03105071373283863,0.0016703334404155612,0.006840934976935387,129.38174438476562
11.2869,,,,,,,,,,,,,,,,,
11.2869,0.6315253973007202,2.9460604190826416,-39.53373718261719,-0.5136774778366089,0.14498062431812286,9.811430931091309,0.0015208472032099962,0.0001400531764375046,0.0004512417654041201,2,30.000003814697266,30.0000057220459,1269.873779296875,-0.02933410555124283,0.0018495406256988645,0.006635524798184633,129.37083435058594
11.4877,0.632114827632904,2.946176528930664,-39.53349304199219,-0.5263189673423767,0.11243312060832977,9.820734024047852,0.0007775458507239819,-0.00012218556366860867,0.0005394836189225316,2,30.000003814697266,30.0000057220459,1269.873779296875,-0.02930958941578865,0.002139916643500328,0.006723030470311642,129.37039184570312
11.4878,0.6320374011993408,2.946223735809326,-39.53337097167969,-0.507927656173706,0.08227171748876572,9.812996864318848,-0.001001149881631136,-0.00011006140266545117,-0.00010608629236230627,2,30.000003814697266,30.0000057220459,1269.873779296875,-0.029472796246409416,0.0021852380596101284,0.006820113863795996,129.37001037597656
11.4878,0.6311517357826233,2.946215867996216,-39.53346252441406,-0.4879297912120819,0.05556498467922211,9.811519622802734,-0.001976810162886977,-0.0003082008333876729,-0.00036725852987729013,2,30.000003814697266,30.0000057220459,1269.873779296875,-0.0296681709587574,0.001878569251857698,0.006867833435535431,129.37025451660156
11.4879,0.6299912929534912,2.9467320442199707,-39.534637451171875,-0.4919363260269165,0.07746224850416183,9.800971031188965,0.0011202592868357897,0.0004483177326619625,-0.0007466780371032655,2,30.000003814697266,30.0000057220459,1269.873779296875,-0.03026227280497551,0.000383933715056628,0.00659198360517621,129.371337890625
11.488,0.6299912929534912,2.9467320442199707,-39.534637451171875,-0.4919363260269165,0.07746224850416183,9.800971031188965,0.0011202592868357897,0.0004483177326619625,-0.0007466780371032655,2,30.000003814697266,30.0000057220459,1269.873779296875,-0.03026227280497551,0.000383933715056628,0.00659198360517621,129.371337890625
11.4881,0.6310599446296692,2.947186231613159,-39.53497314453125,-0.46743130683898926,0.10525497794151306,9.801642417907715,0.003335020737722516,0.000858797924593091,-0.0004861033521592617,2,30.000003814697266,30.0000057220459,1269.873779296875,-0.03021145798265934,0.00010361993918195367,0.006504087243229151,129.40455627441406
11.4881,0.6326711773872375,2.9477386474609375,-39.535308837890625,-0.4633691906929016,0.11658994853496552,9.805719375610352,0.0028544855304062366,0.0008475591894239187,-0.0006801360286772251,2,30.000003814697266,30.0000057220459,1269.873779296875,-0.029907124117016792,-0.00012002639414276928,0.0064437841065227985,129.40390014648438
11.4882,0.6343260407447815,2.9483447074890137,-39.53570556640625,-0.4958612620830536,0.14006327092647552,9.814400672912598,0.003235739190131426,0.0010170445311814547,-0.0008616522536613047,2,30.000003814697266,30.0000057220459,1269.873779296875,-0.02958332933485508,-0.00013435828441288322,0.006459725555032492,129.40328979492188
11.4882,0.6358323097229004,2.9489283561706543,-39.5362548828125,-0.5377433896064758,0.15802925825119019,9.824543952941895,0.0022881347686052322,0.0007467165123671293,-0.0011884936830028892,2,30.000003814697266,30.0000057220459,1269.873779296875,-0.02941056154668331,0.00022779243590775877,0.006571315694600344,129.4026641845703
11.4883,0.6353620290756226,2.9494435787200928,-39.537322998046875,-0.49453550577163696,0.10371337085962296,9.811548233032227,-0.00038147257873788476,-0.0003953070263378322,-0.00020691764075309038,2,30.000003814697266,30.0000057220459,1269.873779296875,-0.029635269194841385,0.0019203113624826074,0.006903983186930418,129.4028778076172
11.4883,0.6348031163215637,2.9493680000305176,-39.53753662109375,-0.4716828763484955,0.11826848983764648,9.79916763305664,-0.0013490952551364899,-6.909796502441168e-05,-0.0004893358564004302,2,30.000003814697266,30.0000057220459,1269.873779296875,-0.029470615088939667,0.0018368513556197286,0.006848459132015705,129.40284729003906
11.4884,0.6341913938522339,2.949415683746338,-39.53778076171875,-0.48061859607696533,0.1255788952112198,9.807891845703125,-0.0005289310356602073,3.325820216559805e-05,-0.00028426919016055763,2,30.000003814697266,30.0000057220459,1269.873779296875,-0.02917337976396084,0.0017531538615003228,0.006800215225666761,129.4032745361328
11.4884,0.6339461803436279,2.9495139122009277,-39.537750244140625,-0.48080140352249146,0.15078037977218628,9.80817985534668,-0.0002174671390093863,0.00014473989722318947,0.0005862347315996885,2,30.000003814697266,30.0000057220459,1269.873779296875,-0.028823107481002808,0.0018336802022531629,0.00679567689076066,129.4035186767578
11.4884,0.6338183283805847,2.9496638774871826,-39.537445068359375,-0.46496933698654175,0.1357187032699585,9.800362586975098,-0.00014754013682249933,0.0002603115572128445,0.0007537601632066071,2,30.000003814697266,30.0000057220459,1269.873779296875,-0.028366226702928543,0.0019336049444973469,0.0067496211268007755,129.4432830810547
11.4885,0.6338299512863159,2.9498958587646484,-39.53712463378906,-0.4779151678085327,0.1264444887638092,9.809609413146973,0.00034420849988237023,0.0004161401011515409,0.0005001513054594398,2,30.000003814697266,30.0000057220459,1269.873779296875,-0.027954237535595894,0.0019172006286680698,0.006703375838696957,129.44346618652344
11.4885,,,,,,,,,,,,,,,,,
11.6891,0.6278738975524902,2.951687812805176,-39.53526306152344,-0.5358253717422485,0.0564018152654171,9.807908058166504,-0.0005268321838229895,0.00038012434379197657,-0.0007254208903759718,2,30.000003814697266,30.0000057220459,1269.873779296875,-0.02894820086658001,0.0008467122679576278,0.006780250463634729,129.51715087890625
11.6892,0.6186692714691162,2.9577505588531494,-39.53361511230469,-0.4374500811100006,0.1642819046974182,9.811929702758789,0.001240032957866788,-4.611405165633187e-05,8.66080226842314e-05,2,30.000003814697266,30.0000057220459,1269.873779296875,-0.029552467167377472,0.0012937621213495731,0.006832825019955635,129.48809814453125
11.6893,0.6205554008483887,2.955205202102661,-39.53425598144531,-0.5237298011779785,0.13446484506130219,9.815353393554688,0.002017182996496558,0.00022083277872297913,-0.00011671547690639272,2,30.000003814697266,30.0000057220459,1269.873779296875,-0.029899537563323975,0.001083680079318583,0.006781402975320816,129.53567504882812
11.6894,0.6186692714691162,2.9577505588531494,-39.53361511230469,-0.4374500811100006,0.1642819046974182,9.811929702758789,0.001240032957866788,-4.611405165633187e-05,8.66080226842314e-05,2,30.000003814697266,30.0000057220459,1269.873779296875,-0.029552467167377472,0.0012937621213495731,0.006832825019955635,129.48809814453125
11.6894,0.6187742948532104,2.9576401710510254,-39.52784729003906,-0.44732362031936646,0.19241555035114288,9.819967269897461,7.268612534971908e-05,0.0006185166421346366,-0.00082303216913715,2,30.000003814697266,30.0000057220459,1269.873779296875,-0.027616238221526146,0.001339306472800672,0.006830081809312105,129.27572631835938
11.6894,0.6205224394798279,2.955533027648926,-39.520263671875,-0.5219770073890686,0.1769152730703354,9.809307098388672,-0.0008141290745697916,0.00016303418669849634,-5.564780076383613e-05,2,30.000003814697266,30.0000057220459,1269.873779296875,-0.027123332023620605,0.0017903594998642802,0.006895671132951975,129.26502990722656
11.6895,0.626589298248291,2.9523510932922363,-39.4989013671875,-0.5281058549880981,0.07145311683416367,9.805999755859375,0.0010475064627826214,-0.0003708398435264826,0.0011063509155064821,2,30.000003814697266,30.0000057220459,1269.873779296875,-0.027878331020474434,0.002582061802968383,0.006882070563733578,129.2938995361328
11.6895,0.631325364112854,2.9508466720581055,-39.4678955078125,-0.48839235305786133,0.08926323801279068,9.804970741271973,0.000967762665823102,-0.00017421554366592318,0.000602694577537477,2,30.000003814697266,30.0000057220459,1269.873779296875,-0.028619779273867607,0.00233644456602633,0.006886857096105814,129.31021118164062
11.6897,0.6311190724372864,2.9512484073638916,-39.47727966308594,-0.49454620480537415,0.041454121470451355,9.809457778930664,0.0004396535223349929,-5.578389027505182e-05,0.00038117740768939257,2,30.000003814697266,30.0000057220459,1269.873779296875,-0.029334936290979385,0.0018343988340348005,0.006911871023476124,129.32223510742188
11.6898,,,,,,,,,,,,,,,,,
11.8904,0.6345325708389282,2.9481053352355957,-39.40495300292969,-0.4956310987472534,0.10249073803424835,9.80929946899414,-0.0009072126704268157,-0.00020095914078410715,0.0003342617710586637,2,30.000003814697266,30.0000057220459,1269.873779296875,-0.031007152050733566,0.002698717638850212,0.007140417583286762,129.169921875
11.8905,0.6352718472480774,2.9479691982269287,-39.395111083984375,-0.4878281056880951,0.08773152530193329,9.805781364440918,-0.0009379833936691284,-0.0001623739954084158,0.0003152585995849222,2,30.000003814697266,30.0000057220459,1269.873779296875,-0.031308624893426895,0.002554321428760886,0.007134222891181707,129.17144775390625
11.8905,0.6356404423713684,2.9477388858795166,-39.385711669921875,-0.4885767698287964,0.08840036392211914,9.802978515625,-0.0009138943278230727,3.5593078791862354e-05,-5.4040436225477606e-05,2,30.000003814697266,30.0000057220459,1269.873779296875,-0.03161744400858879,0.0023037553764879704,0.007093601860105991,129.17210388183594
11.8906,0.6362563371658325,2.947164535522461,-39.36802673339844,-0.5011315941810608,0.11473213136196136,9.802164077758789,0.00018462006119079888,0.0002241404727101326,0.00045849705929867923,2,30.000003814697266,30.0000057220459,1269.873779296875,-0.032049089670181274,0.0021410079207271338,0.006863667629659176,129.1702880859375
11.8907,0.6381012201309204,2.946361780166626,-39.35136413574219,-0.48218420147895813,0.10491397231817245,9.815027236938477,0.0007935477187857032,0.00014485562860500067,0.0003725776041392237,2,30.000003814697266,30.0000057220459,1269.873779296875,-0.03218057006597519,0.002065587555989623,0.006917065940797329,129.12326049804688
11.8907,0.6402271389961243,2.945009231567383,-39.33514404296875,-0.48966869711875916,0.08746888488531113,9.80065631866455,0.0007362430333159864,0.00010365366324549541,0.00027425450389273465,2,30.000003814697266,30.0000057220459,1269.873779296875,-0.03253624588251114,0.0018086234340444207,0.006920326501131058,129.12351989746094
11.8908,0.6408423781394958,2.9441311359405518,-39.32733154296875,-0.5087598562240601,0.09933369606733322,9.814245223999023,0.00034212597529403865,-0.0001276637049159035,0.0002914087090175599,2,30.000003814697266,30.0000057220459,1269.873779296875,-0.03283223137259483,0.0016576920170336962,0.006914710626006126,129.1260528564453
11.8908,0.641218900680542,2.943363666534424,-39.31965637207031,-0.5149455666542053,0.08816608786582947,9.799880981445312,0.00036603855551220477,0.00011913052730960771,0.0006005843169987202,2,30.000003814697266,30.0000057220459,1269.8736572265625,-0.03322603553533554,0.0015939985169097781,0.006911419797688723,129.1312713623047
11.8908,0.6413963437080383,2.942864418029785,-39.3123779296875,-0.5094957947731018,0.10408830642700195,9.815068244934082,0.00031575633329339325,0.00018369356985203922,0.00012101644824724644,2,30.000003814697266,30.0000057220459,1269.8736572265625,-0.03360925614833832,0.0015517729334533215,0.006904978770762682,129.13343811035156
11.8909,0.6409136652946472,2.9419362545013428,-39.29901123046875,-0.49745091795921326,0.10965843498706818,9.803924560546875,-0.000516772735863924,-6.965953798498958e-05,-0.00031122169457376003,2,30.000003814697266,30.0000057220459,1269.8736572265625,-0.03403632342815399,0.0014749086694791913,0.006982109975069761,129.1326446533203
11.8909,0.640475869178772,2.940812349319458,-39.28141784667969,-0.5076324343681335,0.12007897347211838,9.803095817565918,0.0002131702349288389,0.00014686062058899552,-0.00023823982337489724,2,30.000003814697266,30.0000057220459,1269.8736572265625,-0.03447131812572479,0.001845907885581255,0.007006646599620581,128.9904022216797
11.891,,,,,,,,,,,,,,,,,
12.0915,0.6423101425170898,2.9401609897613525,-39.25189208984375,-0.5168738961219788,0.12591484189033508,9.808086395263672,-0.0003990642144344747,-0.00013757280248682946,0.00010973278403980657,2,30.000003814697266,30.0000057220459,1269.8736572265625,-0.03507688641548157,0.0023139771074056625,0.006962811574339867,128.98605346679688
12.0917,0.6427718997001648,2.939967632293701,-39.243865966796875,-0.5106713175773621,0.11299112439155579,9.812494277954102,-0.0002794272149913013,-0.00020391431462485343,2.8657026632572524e-05,2,30.000003814697266,30.0000057220459,1269.8736572265625,-0.0353422574698925,0.002477398607879877,0.006995492614805698,128.98715209960938
12.0917,0.6438765525817871,2.939404010772705,-39.21980285644531,-0.47783875465393066,0.09210103750228882,9.796313285827637,-0.0002444718556944281,-6.256950291572139e-05,0.00028255346114747226,2,30.000003814697266,30.0000057220459,1269.8736572265625,-0.03598145395517349,0.0021901733707636595,0.006947580724954605,128.98480224609375
12.0918,0.6444208025932312,2.938567876815796,-39.204803466796875,-0.5088971853256226,0.1077420711517334,9.797359466552734,0.0006223738309927285,0.00016345041512977332,-8.813533349893987e-05,2,30.000003814697266,30.0000057220459,1269.8736572265625,-0.03631740063428879,0.0019009056268259883,0.006783021613955498,129.32838439941406
12.0918,0.6453778743743896,2.9379332065582275,-39.19789123535156,-0.5187197327613831,0.09989571571350098,9.804170608520508,0.00036099529825150967,1.8347342347624362e-06,-0.00010699761332944036,2,30.000003814697266,30.0000057220459,1269.8736572265625,-0.03681981563568115,0.0020049158483743668,0.006615449208766222,129.33541870117188
12.0919,0.6457998752593994,2.9377927780151367,-39.199310302734375,-0.500622570514679,0.1272115856409073,9.81112289428711,8.24028902570717e-05,-0.00016792744281701744,-0.00026558691752143204,2,30.000003814697266,30.0000057220459,1269.8736572265625,-0.03693581745028496,0.00221516122110188,0.006513130385428667,129.33587646484375
12.092,0.6460357308387756,2.9377191066741943,-39.20155334472656,-0.48817235231399536,0.12264598160982132,9.802712440490723,0.000399763259338215,-0.0002312270662514493,-0.0004402009362820536,2,30.000003814697266,30.0000057220459,1269.8736572265625,-0.036714933812618256,0.002293892903253436,0.006504582241177559,129.3323211669922
12.0922,0.6457998752593994,2.9377927780151367,-39.199310302734375,-0.500622570514679,0.1272115856409073,9.81112289428711,8.24028902570717e-05,-0.00016792744281701744,-0.00026558691752143204,2,30.000003814697266,30.0000057220459,1269.8736572265625,-0.03693581745028496,0.00221516122110188,0.006513130385428667,129.33587646484375
12.0922,0.6460357308387756,2.9377191066741943,-39.20155334472656,-0.48817235231399536,0.12264598160982132,9.802712440490723,0.000399763259338215,-0.0002312270662514493,-0.0004402009362820536,2,30.000003814697266,30.0000057220459,1269.8736572265625,-0.036714933812618256,0.002293892903253436,0.006504582241177559,129.3323211669922
12.0922,0.6475786566734314,2.9370455741882324,-39.209808349609375,-0.504511296749115,0.10018141567707062,9.812975883483887,0.0004996518255211413,-3.515415664878674e-05,-0.0001595559442648664,2,30.000003814697266,30.0000057220459,1269.8736572265625,-0.03601810336112976,0.002186176832765341,0.006478911731392145,129.32777404785156
12.0923,0.6469659805297852,2.9373910427093506,-39.206878662109375,-0.48641711473464966,0.11903752386569977,9.812192916870117,0.0006293060723692179,-2.265712828375399e-05,0.00021174861467443407,2,30.000003814697266,30.0000057220459,1269.8736572265625,-0.036182381212711334,0.0022334300447255373,0.0064432378858327866,129.32618713378906
12.0923,,,,,,,,,,,,,,,,,
12.0923,0.648503303527832,2.9364888668060303,-39.21937561035156,-0.4941253364086151,0.11756222695112228,9.803462028503418,-0.0003006762417498976,5.025738209951669e-05,-0.00019766921468544751,2,30.000003814697266,30.0000057220459,1269.8736572265625,-0.03573146089911461,0.002382298232987523,0.006561315152794123,129.3308868408203
12.293,0.6484777331352234,2.9361677169799805,-39.225860595703125,-0.4907500445842743,0.12927082180976868,9.810523986816406,-0.0004908989649266005,-2.7109746952191927e-05,-0.00010733083763625473,2,30.000003814697266,30.0000057220459,1269.8736572265625,-0.035301364958286285,0.0022879443131387234,0.006563971750438213,129.32713317871094
12.2931,0.649093508720398,2.9356086254119873,-39.23210144042969,-0.4945870041847229,0.12745584547519684,9.803500175476074,0.0003060915332753211,0.0002113546070177108,-0.00021018646657466888,2,30.000003814697266,30.0000057220459,1269.8736572265625,-0.03478961065411568,0.002331067342311144,0.00651621725410223,129.3231658935547
12.2931,0.6498456597328186,2.935277223587036,-39.234954833984375,-0.4981836676597595,0.11964106559753418,9.801733016967773,0.0009161022026091814,0.00010673372162273154,0.0002708405372686684,2,30.000003814697266,30.0000057220459,1269.8736572265625,-0.034557685256004333,0.002399272518232465,0.006458810064941645,129.32200622558594
12.2932,0.6506544351577759,2.9349522590637207,-39.23768615722656,-0.5117579698562622,0.12490160018205643,9.814043045043945,0.0002909953473135829,0.0002661613980308175,-2.2304526282823645e-05,2,30.000003814697266,30.0000057220459,1269.8736572265625,-0.034404296427965164,0.0025116712786257267,0.006451040040701628,129.32215881347656
12.2932,0.6512718796730042,2.9347143173217773,-39.240264892578125,-0.5152771472930908,0.12215904146432877,9.821100234985352,-0.00011058650125050917,-3.063973053940572e-05,0.000293928460450843,2,30.000003814697266,30.0000057220459,1269.8736572265625,-0.03431970253586769,0.002688941080123186,0.006547403521835804,129.32347106933594
12.2933,0.6523225903511047,2.9339168071746826,-39.24772644042969,-0.48364830017089844,0.09634282439947128,9.808213233947754,-0.0005003503174521029,-0.0002210547827417031,0.00017286166257690638,2,30.000003814697266,30.0000057220459,1269.8736572265625,-0.03401568904519081,0.002806674921885133,0.0066417912021279335,129.330810546875
12.2933,0.65345299243927,2.93264102935791,-39.25736999511719,-0.5102182030677795,0.10708268731832504,9.805794715881348,0.00044783763587474823,0.00029285746859386563,1.2791933841072023e-05,2,30.000003814697266,30.0000057220459,1269.8736572265625,-0.03364969417452812,0.0020510489121079445,0.006660060491412878,129.3326873779297
12.2934,0.653209924697876,2.932990312576294,-39.2550048828125,-0.48830461502075195,0.10562373697757721,9.813478469848633,0.0005471909535117447,0.00028935211594216526,0.00017149088671430945,2,30.000003814697266,30.0000057220459,1269.8736572265625,-0.033722661435604095,0.002125133527442813,0.0066388691775500774,129.33078002929688
12.2934,0.65345299243927,2.93264102935791,-39.25736999511719,-0.5102182030677795,0.10708268731832504,9.805794715881348,0.00044783763587474823,0.00029285746859386563,1.2791933841072023e-05,2,30.000003814697266,30.0000057220459,1269.8736572265625,-0.03364969417452812,0.0020510489121079445,0.006660060491412878,129.3326873779297
12.2935,0.653434693813324,2.932314157485962,-39.259796142578125,-0.5094914436340332,0.12623026967048645,9.805265426635742,-0.00022844108752906322,9.543857231619768e-06,-0.0001804025814635679,2,30.000003814697266,30.0000057220459,1269.8736572265625,-0.033602531999349594,0.002136265393346548,0.0066410996951162815,129.33255004882812
12.2935,0.6533111333847046,2.9320228099823,-39.26220703125,-0.5140181183815002,0.12551790475845337,9.802587509155273,-0.0003494195407256484,4.696003452409059e-05,-0.0003119197499472648,2,30.000003814697266,30.0000057220459,1269.8736572265625,-0.033525411039590836,0.0023250121157616377,0.006607226096093655,129.3334197998047
12.2936,,,,,,,,,,,,,,,,,
12.4942,0.6543392539024353,2.9307117462158203,-39.28358459472656,-0.5139601826667786,0.11601285636425018,9.815693855285645,-0.00031281038536690176,0.0002950413909275085,0.0001596659276401624,2,30.000003814697266,30.0000057220459,1269.8736572265625,-0.032595425844192505,0.002448338083922863,0.0066158059053123,129.5068359375
12.4944,0.6541674733161926,2.9306280612945557,-39.28901672363281,-0.520003616809845,0.12031948566436768,9.817835807800293,-0.0007881697965785861,1.9815799532807432e-05,-9.675533192421426e-07,2,30.000003814697266,30.0000057220459,1269.8736572265625,-0.03250331059098244,0.002591432072222233,0.006714885588735342,129.50942993164062
12.4945,0.6539213061332703,2.9306485652923584,-39.29463195800781,-0.508867084980011,0.1278597116470337,9.81559944152832,-0.000563919369596988,-4.976129162059806e-07,0.00019798506400547922,2,30.000003814697266,30.0000057220459,1269.8736572265625,-0.03235230967402458,0.002772189909592271,0.006809374317526817,129.50927734375
12.4945,0.6539453864097595,2.930629014968872,-39.30021667480469,-0.49546870589256287,0.13581374287605286,9.806612014770508,-0.00017760209448169917,-0.0002903587883338332,0.0004076311888638884,2,30.000003814697266,30.0000057220459,1269.8736572265625,-0.03205094113945961,0.0029516532085835934,0.00685286708176136,129.50662231445312
12.4946,0.6543740034103394,2.930492401123047,-39.30574035644531,-0.4964763820171356,0.12143100798130035,9.809980392456055,0.00023073717602528632,-0.00032006119727157056,0.000272760255029425,2,30.000003814697266,30.0000057220459,1269.8736572265625,-0.03172198310494423,0.0030794136691838503,0.006862336304038763,129.5052032470703
12.4947,0.6554253101348877,2.929882526397705,-39.32203674316406,-0.5002175569534302,0.0932275727391243,9.810321807861328,7.363673648796976e-05,-9.789915202418342e-05,3.5059856600128114e-05,2,30.000003814697266,30.0000057220459,1269.8736572265625,-0.03115784004330635,0.0026739253662526608,0.006831336300820112,129.4798583984375
12.4947,0.6552242040634155,2.9301249980926514,-39.31669616699219,-0.49683451652526855,0.09446078538894653,9.813297271728516,0.00013047394168097526,-0.00015433697262778878,0.00015378584794234484,2,30.000003814697266,30.0000057220459,1269.8736572265625,-0.03123786672949791,0.002821145113557577,0.006797553971409798,129.4778289794922
12.4947,0.6554253101348877,2.929882526397705,-39.32203674316406,-0.5002175569534302,0.0932275727391243,9.810321807861328,7.363673648796976e-05,-9.789915202418342e-05,3.5059856600128114e-05,2,30.000003814697266,30.0000057220459,1269.8736572265625,-0.03115784004330635,0.0026739253662526608,0.006831336300820112,129.4798583984375
12.4948,0.6554909348487854,2.929704427719116,-39.32722473144531,-0.5129053592681885,0.08203934878110886,9.803489685058594,0.00011092354543507099,6.443111487897113e-05,8.83882530615665e-05,2,30.000003814697266,30.0000057220459,1269.8736572265625,-0.031175201758742332,0.002525418996810913,0.0068212454207241535,129.4845428466797
12.4949,0.6553069949150085,2.929570198059082,-39.33232116699219,-0.49788209795951843,0.09852238744497299,9.808349609375,4.020856795250438e-05,-0.00027143527404405177,-2.3772494387230836e-05,2,30.000003814697266,30.0000057220459,1269.8736572265625,-0.03119547851383686,0.0023910002782940865,0.006804845295846462,129.48626708984375
12.495,0.6550026535987854,2.9294371604919434,-39.337310791015625,-0.4898427426815033,0.10954417288303375,9.799919128417969,0.00016210126341320574,3.2778563763713464e-05,-0.00015328815788961947,2,30.000003814697266,30.0000057220459,1269.8736572265625,-0.031050270423293114,0.002287101000547409,0.006765037775039673,129.48472595214844
12.495,0.6549394726753235,2.929241895675659,-39.34220886230469,-0.503464937210083,0.11596428602933884,9.808708190917969,0.0009468706557527184,-0.00015769492893014103,-0.00039428495801985264,2,30.000003814697266,30.0000057220459,1269.8736572265625,-0.030867792665958405,0.002264823066070676,0.006727381143718958,129.4850311279297
12.4951,0.6551408171653748,2.929011106491089,-39.347015380859375,-0.4861183166503906,0.13010703027248383,9.802634239196777,0.001013871980831027,-0.00028358882991597056,-0.0005165575421415269,2,30.000003814697266,30.0000057220459,1269.8736572265625,-0.030624156817793846,0.0023092450574040413,0.006698975805193186,129.48101806640625
12.4951,0.6559733152389526,2.928290367126465,-39.35609436035156,-0.4987454414367676,0.09635881334543228,9.797987937927246,0.0009187833638861775,-0.00016784910985734314,-0.0006921590538695455,2,30.000003814697266,30.0000057220459,1269.8736572265625,-0.03004331700503826,0.0022387185599654913,0.0066192056983709335,129.47755432128906
12.4952,0.6562352776527405,2.927729845046997,-39.36473083496094,-0.5199580192565918,0.09527868032455444,9.80532455444336,0.00047844555228948593,0.00014651002129539847,-0.0005630497471429408,2,30.000003814697266,30.0000057220459,1269.8736572265625,-0.030244950205087662,0.0021076274570077658,0.0065611861646175385,129.48675537109375
12.4952,,,,,,,,,,,,,,,,,
12.4952,0.6555618047714233,2.9276275634765625,-39.37200927734375,-0.48765718936920166,0.1284685581922531,9.798555374145508,0.00016805272025521845,5.324089215719141e-05,-0.00024654323351569474,2,30.000003814697266,30.0000057220459,1269.8736572265625,-0.03020619787275791,0.001895408728159964,0.006553985644131899,129.3636932373047
12.696,0.6547463536262512,2.9274322986602783,-39.37715148925781,-0.5186826586723328,0.15914277732372284,9.813578605651855,-0.001243978040292859,-0.00024706459953449667,0.0006244879332371056,2,30.000003814697266,30.0000057220459,1269.8736572265625,-0.029079506173729897,0.0032000665087252855,0.006693375762552023,129.3485870361328
12.6961,0.6550059914588928,2.9273993968963623,-39.37684631347656,-0.521763801574707,0.1297338306903839,9.80859088897705,-0.001106457319110632,-0.0001830317050917074,0.00034417916322126985,2,30.000003814697266,30.0000057220459,1269.8736572265625,-0.02899765968322754,0.0036035303492099047,0.006740285083651543,129.3501434326172
12.6962,0.6554657220840454,2.927450180053711,-39.37648010253906,-0.5172880291938782,0.1181705966591835,9.797303199768066,-0.0007629909086972475,-0.00048147793859243393,9.280617814511061e-05,2,30.000003814697266,30.0000057220459,1269.8736572265625,-0.029060544446110725,0.0038605723530054092,0.006709818262606859,129.35226440429688
12.6962,0.6561409831047058,2.9275059700012207,-39.37602233886719,-0.5209054946899414,0.10710372775793076,9.810384750366211,-0.00033184909261763096,-0.0006313042831607163,0.00020804112136829644,2,30.000003814697266,30.0000057220459,1269.8736572265625,-0.02920619025826454,0.004021632019430399,0.0066790455020964146,129.35601806640625
12.6964,0.6567615866661072,2.9276316165924072,-39.37556457519531,-0.5082523226737976,0.10170742124319077,9.805169105529785,-0.0006093928241170943,-0.0006360211409628391,9.838834375841543e-05,2,30.000003814697266,30.0000057220459,1269.8736572265625,-0.029376039281487465,0.0040771327912807465,0.006676421035081148,129.35818481445312
12.6964,0.6571375727653503,2.9278714656829834,-39.375091552734375,-0.4943050742149353,0.10635211318731308,9.808614730834961,-0.0006964278290979564,-0.00031424080953001976,0.00022083520889282227,2,30.000003814697266,30.0000057220459,1269.8736572265625,-0.029459895566105843,0.004050602205097675,0.0066718594171106815,129.47694396972656
12.6965,0.6579359173774719,2.928298234939575,-39.37663269042969,-0.4610123336315155,0.0985412523150444,9.794111251831055,0.0004734907706733793,-1.8887170881498605e-05,-0.00014544365694746375,2,30.000003814697266,30.0000057220459,1269.8736572265625,-0.029115552082657814,0.0036091438960283995,0.006494533736258745,129.47000122070312
12.6965,0.659214973449707,2.9276371002197266,-39.38191223144531,-0.5183554291725159,0.11057024449110031,9.821019172668457,-0.003302396507933736,0.0004043736553285271,-0.000380465091438964,2,30.000003814697266,30.0000057220459,1269.8736572265625,-0.028324691578745842,0.003056085668504238,0.006533489562571049,129.46310424804688
12.6966,0.6597155332565308,2.927993059158325,-39.37995910644531,-0.4775846302509308,0.11341745406389236,9.822010040283203,-0.00012156938464613631,0.0005782651714980602,-0.0001019297560560517,2,30.000003814697266,30.0000057220459,1269.8736572265625,-0.028451120480895042,0.003103817580267787,0.00639879796653986,129.46041870117188
12.6966,0.659214973449707,2.9276371002197266,-39.38191223144531,-0.5183554291725159,0.11057024449110031,9.821019172668457,-0.003302396507933736,0.0004043736553285271,-0.000380465091438964,2,30.000003814697266,30.0000057220459,1269.8736572265625,-0.028324691578745842,0.003056085668504238,0.006533489562571049,129.46310424804688
12.6967,0.6543207764625549,2.9273829460144043,-39.386260986328125,-0.5728258490562439,0.13813558220863342,9.803762435913086,-0.005600173491984606,-0.00044451741268858314,-0.0001534898328827694,2,30.000003814697266,30.0000057220459,1269.8736572265625,-0.028929637745022774,0.0039033866487443447,0.006735556293278933,129.48300170898438
12.6967,,,,,,,,,,,,,,,,,
12.6967,0.6480115652084351,2.928114175796509,-39.39573669433594,-0.4453444182872772,0.11750829964876175,9.799673080444336,-0.0018001514254137874,-0.0003783169959206134,0.00034541537752375007,2,30.000003814697266,30.0000057220459,1269.8736572265625,-0.02783425897359848,0.004298546351492405,0.006508721504360437,129.51649475097656
12.6968,0.6481304168701172,2.9276652336120605,-39.39825439453125,-0.47168993949890137,0.10848958045244217,9.790618896484375,-0.0003078154113609344,1.696297294984106e-05,0.0005650438833981752,2,30.000003814697266,30.0000057220459,1269.8736572265625,-0.027375489473342896,0.004062987398356199,0.006362716667354107,129.51356506347656
12.8974,0.6486814618110657,2.9271252155303955,-39.400909423828125,-0.5053254961967468,0.09487351030111313,9.8123197555542,-0.0001406162336934358,4.65569828520529e-05,0.00032207451295107603,2,30.000003814697266,30.0000057220459,1269.8736572265625,-0.02721194550395012,0.003918664529919624,0.006282388232648373,129.51612854003906
12.8975,0.6491709351539612,2.9267096519470215,-39.403717041015625,-0.5245025157928467,0.09484915435314178,9.80174446105957,-3.427315823500976e-05,0.0002446260186843574,0.0004564175906125456,2,30.000003814697266,30.0000057220459,1269.8736572265625,-0.027296224609017372,0.0038849629927426577,0.006281320471316576,129.52157592773438
12.8975,0.6494624018669128,2.9264841079711914,-39.4066162109375,-0.541687548160553,0.10509052127599716,9.812500953674316,-0.00026198368868790567,-4.24502431997098e-05,0.00045494918595068157,2,30.000003814697266,30.0000057220459,1269.8736572265625,-0.02751506119966507,0.004000593442469835,0.00628425320610404,129.52867126464844
12.8976,0.6493992209434509,2.926422357559204,-39.409637451171875,-0.5278717279434204,0.12258585542440414,9.816449165344238,-0.000988353742286563,-0.0004606690490618348,0.0004892551805824041,2,30.000003814697266,30.0000057220459,1269.873779296875,-0.027668999508023262,0.004246675409376621,0.006360278930515051,129.53163146972656
12.8977,0.6492441296577454,2.9264962673187256,-39.412689208984375,-0.5061325430870056,0.126026913523674,9.818509101867676,-0.0008443272672593594,-0.0003735569480340928,0.00045186124043539166,2,30.000003814697266,30.0000057220459,1269.873779296875,-0.02762523479759693,0.004482919815927744,0.006471333559602499,129.5316162109375
12.8978,0.6490196585655212,2.926542282104492,-39.415802001953125,-0.48890987038612366,0.1198822483420372,9.808025360107422,-0.0014631464146077633,-0.0006453058449551463,0.00014594696403946728,2,30.000003814697266,30.0000057220459,1269.873779296875,-0.02743753045797348,0.004581816494464874,0.006531112361699343,129.5293731689453
12.8978,0.6486395597457886,2.9264638423919678,-39.41889953613281,-0.46886932849884033,0.11762357503175735,9.801384925842285,-0.0014154374366626143,-0.0004551598394755274,0.0002868238661903888,2,30.000003814697266,30.0000057220459,1269.873779296875,-0.027116278186440468,0.004534462932497263,0.006493863649666309,129.5245819091797
12.8979,0.6485855579376221,2.926255702972412,-39.42182922363281,-0.4785645008087158,0.09283892065286636,9.806200981140137,-0.0003837607800960541,-0.00019578510546125472,0.0005132632795721292,2,30.000003814697266,30.0000057220459,1269.873779296875,-0.026833856478333473,0.004352498333901167,0.006439088378101587,129.6531524658203
12.8979,0.6494848728179932,2.925543785095215,-39.43473815917969,-0.5193703174591064,0.07529032230377197,9.80281925201416,0.0006889126962050796,0.0006685858243145049,0.0003148332179989666,2,30.000003814697266,30.0000057220459,1269.873779296875,-0.026591183617711067,0.0033599419984966516,0.006249792408198118,129.66102600097656
12.898,0.6492648124694824,2.925715923309326,-39.429840087890625,-0.48817873001098633,0.06976723670959473,9.796795845031738,0.0008663391345180571,0.0005187015631236136,0.0006200576317496598,2,30.000003814697266,30.0000057220459,1269.873779296875,-0.026504071429371834,0.0036523882299661636,0.0063346680253744125,129.65447998046875
12.8981,0.6492294073104858,2.9255785942077637,-39.440185546875,-0.5327096581459045,0.10158561170101166,9.80916976928711,0.00014328454562928528,0.0006008293712511659,7.162432302720845e-05,2,30.000003814697266,30.0000057220459,1269.873779296875,-0.02675359696149826,0.0033243512734770775,0.006229985039681196,129.66647338867188
12.8982,,,,,,,,,,,,,,,,,
12.8982,0.6468660831451416,2.9269678592681885,-39.46968078613281,-0.5063673257827759,0.1372075080871582,9.814984321594238,0.0004362995096016675,-2.8623322577914223e-05,0.00020843606034759432,2,30.000003814697266,30.0000057220459,1269.873779296875,-0.02606014348566532,0.003952655475586653,0.006222996395081282,129.66650390625
13.0989,0.6457754969596863,2.9281318187713623,-39.49505615234375,-0.503389835357666,0.09962903708219528,9.814423561096191,-0.0019451659172773361,-0.00036966640618629754,0.0003313872148282826,2,30.000003814697266,30.0000057220459,1269.873779296875,-0.025443460792303085,0.004625557456165552,0.006375821772962809,129.7851104736328
13.099,0.6415954828262329,2.928508996963501,-39.525390625,-0.4903640151023865,0.12158572673797607,9.812350273132324,-0.00015504843031521887,-2.5351318981847726e-06,0.0002620168379507959,2,30.000003814697266,30.0000057220459,1269.873779296875,-0.024165868759155273,0.003758600214496255,0.0062253535725176334,129.77810668945312
13.099,0.6415954828262329,2.928508996963501,-39.525390625,-0.4903640151023865,0.12158572673797607,9.812350273132324,-0.00015504843031521887,-2.5351318981847726e-06,0.0002620168379507959,2,30.000003814697266,30.0000057220459,1269.873779296875,-0.024165868759155273,0.003758600214496255,0.0062253535725176334,129.77810668945312
13.0991,0.6410359144210815,2.9280900955200195,-39.53997802734375,-0.5038087964057922,0.12565205991268158,9.801851272583008,-0.00042334693716838956,-0.00018875213572755456,0.0004041797074023634,2,30.000003814697266,30.0000057220459,1269.873779296875,-0.023515228182077408,0.003990388009697199,0.006253477651625872,129.77639770507812
13.0991,0.6405215859413147,2.9279627799987793,-39.546905517578125,-0.49099820852279663,0.10857351869344711,9.816615104675293,-0.0017488993471488357,0.00017251759709324688,0.00022605406411457807,2,30.000003814697266,30.0000057220459,1269.873779296875,-0.023212702944874763,0.004045702982693911,0.006258060690015554,129.6355438232422
13.0992,0.6391094326972961,2.9279067516326904,-39.55279541015625,-0.4944664537906647,0.10727696120738983,9.810020446777344,-0.003602879121899605,0.00023355093435384333,-5.4327243560692295e-05,2,30.000003814697266,30.0000057220459,1269.873779296875,-0.022969117388129234,0.003992697689682245,0.0063086808659136295,129.63555908203125
13.0992,0.6367025375366211,2.9277541637420654,-39.55781555175781,-0.5084552764892578,0.10406339913606644,9.823264122009277,-0.005291947163641453,-5.158358908374794e-05,6.43257808405906e-05,2,30.000003814697266,30.0000057220459,1269.873779296875,-0.022824827581644058,0.0039770458824932575,0.0063933986239135265,129.63844299316406
13.0993,0.6333484649658203,2.9276671409606934,-39.5621337890625,-0.5133556127548218,0.08834078162908554,9.800235748291016,-0.006650359369814396,0.00021197571186348796,9.206897084368393e-05,2,30.000003814697266,30.0000057220459,1269.873779296875,-0.022834377363324165,0.003966769203543663,0.0064415838569402695,129.6400909423828
13.0993,0.6255658864974976,2.9284145832061768,-39.56318664550781,-0.5254092812538147,0.10045328736305237,9.815281867980957,-0.0033612395636737347,0.0005852492759004235,-0.0006774840876460075,2,30.000003814697266,30.0000057220459,1269.873779296875,-0.02330058440566063,0.0031099857296794653,0.006196614354848862,129.64572143554688
13.0993,0.6228733658790588,2.9285945892333984,-39.56358337402344,-0.5437611937522888,0.12871098518371582,9.833749771118164,-0.006577947176992893,-3.938649024348706e-05,-0.00011856485070893541,2,30.000003814697266,30.0000057220459,1269.873779296875,-0.023499224334955215,0.0033514476381242275,0.006365958135575056,129.6470947265625
13.0994,,,,,,,,,,,,,,,,,
13.0994,0.6060482263565063,2.9271140098571777,-39.56549072265625,-0.5014079809188843,0.13004009425640106,9.798115730285645,-0.003950873855501413,-0.0005880157114006579,0.00036671216366812587,2,30.000003814697266,30.0000057220459,1269.873779296875,-0.02419356256723404,0.004018386360257864,0.006288825534284115,129.61538696289062
13.2999,0.6038337349891663,2.926741123199463,-39.56536865234375,-0.5188789963722229,0.15633825957775116,9.821793556213379,-0.003984466660767794,-0.0006684563122689724,0.0006902433815412223,2,30.000003814697266,30.0000057220459,1269.873779296875,-0.024011239409446716,0.004364796448498964,0.0063041141256690025,129.61643981933594
13.3,0.6014729738235474,2.9262328147888184,-39.56517028808594,-0.5514868497848511,0.17520089447498322,9.809645652770996,-0.004436475224792957,-0.0011070800246670842,0.000595236080698669,2,30.000003814697266,30.0000057220459,1269.873779296875,-0.023868121206760406,0.005051113199442625,0.006404838990420103,129.61744689941406
13.3001,0.5971448421478271,2.9245381355285645,-39.564849853515625,-0.4297577440738678,0.11534353345632553,9.8062105178833,-0.0033211191184818745,-0.0016125586116686463,0.0003929088998120278,2,30.000003814697266,30.0000057220459,1269.873779296875,-0.023319441825151443,0.005871303379535675,0.00640449021011591,129.6190643310547
13.3001,0.593612790107727,2.9232096672058105,-39.56507873535156,-0.42283013463020325,0.04921640828251839,9.80449390411377,-0.002280217595398426,-0.0005210053641349077,-5.394399704528041e-05,2,30.000003814697266,30.0000057220459,1269.873779296875,-0.022454578429460526,0.00450041051954031,0.006209793034940958,129.6200714111328
13.3002,0.5924882888793945,2.922999858856201,-39.565185546875,-0.47426122426986694,0.05109464377164841,9.799687385559082,-0.0015059789875522256,-0.00010704372107284144,0.00033676912426017225,2,30.000003814697266,30.0000057220459,1269.873779296875,-0.022355860099196434,0.0037703593261539936,0.00611928291618824,129.6206512451172
13.3003,0.5915645360946655,2.9229607582092285,-39.56523132324219,-0.5512654185295105,0.11206121742725372,9.807065963745117,-0.0005306986276991665,0.0001847509847721085,-1.1153799277963117e-05,2,30.000003814697266,30.0000057220459,1269.873779296875,-0.022968584671616554,0.003497394034639001,0.006040164735168219,129.6671905517578
13.3004,0.5920188426971436,2.9223546981811523,-39.565521240234375,-0.4489142596721649,0.11064402759075165,9.802217483520508,0.000508591067045927,-0.0005919545656070113,0.0002105587045662105,2,30.000003814697266,30.0000057220459,1269.873779296875,-0.022840246558189392,0.0042154835537076,0.0060448008589446545,129.66690063476562
13.3005,0.5928338766098022,2.9220077991485596,-39.56591796875,-0.4909212589263916,0.08518301695585251,9.817628860473633,0.0005892522749491036,2.2982148948358372e-05,-9.046609079632617e-07,2,30.000003814697266,30.0000057220459,1269.873779296875,-0.02219744399189949,0.0036925682798027992,0.006067569833248854,129.6660919189453
13.3006,0.5930949449539185,2.921985149383545,-39.5660400390625,-0.5376852750778198,0.08954980224370956,9.807973861694336,0.000179468683199957,-2.4604143618489616e-05,0.00017761722847353667,2,30.000003814697266,30.0000057220459,1269.873779296875,-0.022365231066942215,0.003664141520857811,0.006123997736722231,129.66586303710938
13.3006,,,,,,,,,,,,,,,,,
13.3006,0.5932998061180115,2.921041250228882,-39.56632995605469,-0.4769560396671295,0.09972884505987167,9.804396629333496,-4.080037251696922e-05,-0.00030357655487023294,2.1667829059879296e-05,2,30.000003814697266,30.0000057220459,1269.873779296875,-0.02317175082862377,0.0035773380659520626,0.0063247401267290115,129.4717559814453
13.5013,0.5936620235443115,2.9208340644836426,-39.56658935546875,-0.48717591166496277,0.12173496931791306,9.817329406738281,0.001037740963511169,-0.0001546013809274882,0.00012075246922904626,2,30.000003814697266,30.0000057220459,1269.873779296875,-0.0227806456387043,0.0035119527019560337,0.006140558514744043,129.47157287597656
13.5014,0.5941713452339172,2.9207584857940674,-39.56666564941406,-0.5002540349960327,0.10943388193845749,9.809432029724121,0.0006371984491124749,-9.46012296481058e-05,0.0002942707797046751,2,30.000003814697266,30.0000057220459,1269.873779296875,-0.02263784222304821,0.0035902569070458412,0.006186936516314745,129.47117614746094
13.5015,0.594396710395813,2.920710325241089,-39.56671142578125,-0.5092793703079224,0.11078834533691406,9.819258689880371,-3.783108331845142e-05,-4.428181273397058e-05,0.00012666457041632384,2,30.000003814697266,30.0000057220459,1269.873779296875,-0.022600194439291954,0.003694216487929225,0.006255960091948509,129.47091674804688
13.5015,0.5943604707717896,2.9205806255340576,-39.566802978515625,-0.5234675407409668,0.09623468667268753,9.816683769226074,-0.00023040402447804809,-0.00039336286135949194,0.00019547432020772249,2,30.000003814697266,30.0000057220459,1269.873779296875,-0.022703681141138077,0.0038221769500523806,0.00636550085619092,129.47088623046875
13.5016,0.5942021608352661,2.920020818710327,-39.56724548339844,-0.4858957529067993,0.08093462884426117,9.800031661987305,0.00022910733241587877,-0.00023499256349168718,9.917667921399698e-05,2,30.000003814697266,30.0000057220459,1269.873779296875,-0.023106316104531288,0.0036169502418488264,0.0063301329500973225,129.4706573486328
13.5017,0.5942034721374512,2.920213460922241,-39.56709289550781,-0.49550366401672363,0.07787749916315079,9.794794082641602,-0.0002246214571641758,-0.0003832686343230307,8.767466169956606e-06,2,30.000003814697266,30.0000057220459,1269.873779296875,-0.023022081702947617,0.0038205257151275873,0.006440887227654457,129.47073364257812
13.5017,0.5942021608352661,2.920020818710327,-39.56724548339844,-0.4858957529067993,0.08093462884426117,9.800031661987305,0.00022910733241587877,-0.00023499256349168718,9.917667921399698e-05,2,30.000003814697266,30.0000057220459,1269.873779296875,-0.023106316104531288,0.0036169502418488264,0.0063301329500973225,129.4706573486328
13.5017,0.5942868590354919,2.9199090003967285,-39.56742858886719,-0.4823826551437378,0.08447442948818207,9.801536560058594,1.9600256564444862e-05,-7.405078940792009e-05,-0.00010517958435229957,2,30.000003814697266,30.0000057220459,1269.873779296875,-0.02312270738184452,0.003393231425434351,0.006245441734790802,129.47048950195312
13.5018,0.5946942567825317,2.9198389053344727,-39.567657470703125,-0.4826614260673523,0.08433157205581665,9.795028686523438,0.0014617539709433913,-0.000160818817676045,-0.0001256397517863661,2,30.000003814697266,30.0000057220459,1269.873779296875,-0.023105906322598457,0.0031604808755218983,0.006120654754340649,129.48789978027344
13.5018,0.5944650173187256,2.91979718208313,-39.56829833984375,-0.4979120194911957,0.11892858147621155,9.794245719909668,0.0003063697076868266,-3.2261152227874845e-05,-0.0002298762701684609,2,30.000003814697266,30.0000057220459,1269.873779296875,-0.022827481850981712,0.003221050603315234,0.006233845371752977,129.48777770996094
13.5019,0.5947220325469971,2.919755220413208,-39.568634033203125,-0.47895216941833496,0.14171794056892395,9.822550773620605,0.0006791466730646789,-7.964113319758326e-05,-0.00028578750789165497,2,30.000003814697266,30.0000057220459,1269.873779296875,-0.022568967193365097,0.0033922879956662655,0.006225187797099352,129.48782348632812
13.5019,0.5957220196723938,2.9199252128601074,-39.569549560546875,-0.5135251879692078,0.08207938075065613,9.801240921020508,0.0024087843485176563,0.00042677525198087096,-0.00033894882653839886,2,30.000003814697266,30.0000057220459,1269.873779296875,-0.022393807768821716,0.0035001153592020273,0.006168073043227196,129.48753356933594
13.502,0.5979031920433044,2.920037031173706,-39.570068359375,-0.48240116238594055,0.10629135370254517,9.808830261230469,6.985048821661621e-05,0.00035389585536904633,-9.073701949091628e-05,2,30.000003814697266,30.0000057220459,1269.873779296875,-0.022515345364809036,0.0033519130665808916,0.00624492671340704,129.48605346679688
